work_ye21;2peri0ce_2eve2;e132oy10t_type;job_t172e;53221y;53221y_curr0cy;53221y_6_0;e132oy40_r14390ce;re1ote_r49io;co1pany_2o9tion;co1pany_24ze
2022;0;0;0;63000;0;63000;0;50;0;0
2022;1;0;1;95000;0;95000;0;0;0;1
2022;1;0;1;70000;0;70000;0;0;0;1
2022;2;0;13;315000;0;315000;0;100;0;2
2022;3;0;3;220000;0;220000;0;100;0;1
2022;3;0;3;140000;0;140000;0;100;0;1
2021;0;0;36;50000;0;50000;0;0;0;0
2022;3;0;38;85000;0;85000;0;100;0;2
2022;1;0;39;90000;0;90000;0;100;0;2
2022;0;0;36;50000;0;50000;0;0;0;0
2022;2;0;2;290000;0;290000;0;100;0;2
2021;2;0;2;232000;0;232000;0;100;0;2
2022;2;0;2;244000;0;244000;0;100;0;2
2022;0;0;40;112000;0;112000;0;100;0;2
2022;0;0;7;72000;0;72000;0;100;0;2
2022;1;0;33;152000;0;152000;0;0;0;1
2022;1;0;33;91000;0;91000;0;0;0;1
2022;1;0;18;207000;0;207000;0;100;0;2
2022;1;0;30;115000;0;115000;0;100;0;2
2022;0;0;16;52000;0;52000;0;100;0;2
2022;3;0;86;237000;0;237000;0;100;0;2
2021;0;0;43;150000;0;150000;0;50;0;1
2022;3;0;12;110000;0;110000;0;0;0;2
2022;0;0;42;104000;0;104000;0;100;0;2
2021;0;0;42;75000;0;75000;0;0;0;1
2022;3;0;33;165000;0;165000;0;100;0;2
2022;3;0;8;190000;0;190000;0;100;0;2
2022;3;0;21;135000;0;135000;0;100;0;2
2022;1;0;22;97900;0;97900;0;50;0;2
2022;3;0;4;90000;0;90000;0;100;0;0
2021;3;0;35;175000;0;175000;0;100;0;2
2022;1;0;7;89998;0;89998;0;0;0;2
2022;1;0;20;150000;0;150000;0;100;0;2
2022;1;0;1;115000;0;115000;0;100;0;2
2022;1;0;22;135000;0;135000;0;50;0;2
2022;2;0;12;102000;0;102000;0;50;0;2
2022;3;0;8;108000;0;108000;0;100;0;2
2022;3;0;39;200000;0;200000;0;100;0;1
2022;0;0;7;50000;0;50000;0;0;0;0
2022;3;0;33;157000;0;157000;0;0;0;1
2022;3;0;33;108000;0;108000;0;0;0;1
2022;2;0;82;148000;0;148000;0;0;0;2
2022;1;0;9;130000;0;130000;0;0;0;1
2022;1;0;9;120000;0;120000;0;0;0;1
2022;3;0;11;184800;0;184800;0;100;0;1
2022;3;0;11;130800;0;130800;0;100;0;1
2022;1;0;1;114000;0;114000;0;0;0;2
2022;3;0;9;207000;0;207000;0;100;0;1
2022;3;0;9;153000;0;153000;0;100;0;1
2022;3;0;40;245000;0;245000;0;100;0;2
2022;3;0;4;98000;0;98000;0;50;0;2
2022;3;0;9;220100;0;220100;0;100;0;1
2022;3;0;9;176080;0;176080;0;100;0;1
2022;3;0;9;226400;0;226400;0;100;0;2
2022;3;0;9;124300;0;124300;0;100;0;2
2022;3;0;24;145000;0;145000;0;100;0;2
2022;0;0;83;50000;0;50000;0;100;0;2
2022;0;0;83;50000;0;50000;0;100;0;2
2022;3;0;36;238200;0;238200;0;100;0;2
2022;3;0;36;176100;0;176100;0;100;0;2
2022;3;0;9;181940;0;181940;0;100;0;1
2022;3;0;9;132000;0;132000;0;100;0;1
2022;3;0;9;186000;0;186000;0;100;0;1
2022;3;0;9;148800;0;148800;0;100;0;1
2022;3;0;31;252000;0;252000;0;100;0;1
2022;3;0;31;145000;0;145000;0;100;0;1
2022;2;0;19;236000;0;236000;0;100;0;2
2022;3;0;61;167000;0;167000;0;100;0;1
2022;2;0;2;175000;0;175000;0;100;0;1
2022;1;0;67;86500;0;86500;0;50;0;2
2022;3;0;9;200100;0;200100;0;100;0;1
2022;3;0;9;160080;0;160080;0;100;0;1
2022;3;0;9;165400;0;165400;0;100;0;1
2022;3;0;9;132320;0;132320;0;100;0;1
2022;3;0;36;207800;0;207800;0;100;0;2
2022;3;0;36;153600;0;153600;0;100;0;2
2021;1;0;16;88000;0;88000;0;100;0;2
2022;2;0;15;180000;0;180000;0;100;0;2
2022;3;0;54;250600;0;250600;0;100;0;1
2022;3;0;54;118100;0;118100;0;100;0;1
2022;3;0;9;105800;0;105800;0;100;0;1
2022;3;0;9;81600;0;81600;0;100;0;1
2022;0;0;1;140000;0;140000;0;100;0;2
2022;3;0;22;267840;0;267840;0;100;0;1
2022;3;0;22;214056;0;214056;0;100;0;1
2022;3;0;3;240000;4;188282;9;100;0;2
2022;0;1;7;80000;0;80000;0;100;0;2
2022;0;1;7;60000;0;60000;0;100;0;2
2022;0;0;7;60000;0;60000;0;100;0;2
2022;0;0;78;60000;0;60000;0;100;0;2
2022;0;0;78;60000;0;60000;0;100;0;0
2021;0;0;7;115000;0;115000;0;100;0;1
2022;3;0;10;175000;0;175000;0;0;0;0
2022;2;0;82;180000;0;180000;0;100;0;2
2022;1;0;25;101000;0;101000;0;100;0;2
2022;1;0;24;101000;0;101000;0;100;0;2
2022;3;0;23;175000;0;175000;0;100;0;2
2022;1;0;7;97500;0;97500;0;100;0;2
2022;0;0;7;67000;0;67000;0;100;0;2
2022;3;0;9;124600;0;124600;0;100;0;1
2022;3;0;9;96000;0;96000;0;100;0;1
2022;3;0;8;180000;0;180000;0;100;0;1
2022;3;0;8;140000;0;140000;0;100;0;1
2022;3;0;9;245000;0;245000;0;0;0;1
2022;3;0;9;190000;0;190000;0;0;0;1
2022;3;0;9;226400;0;226400;0;100;0;2
2022;3;0;9;124300;0;124300;0;100;0;2
2022;0;0;42;91600;0;91600;0;100;0;2
2022;1;0;32;165000;0;165000;0;50;0;2
2022;3;0;36;160000;0;160000;0;100;0;2
2022;3;0;36;92400;0;92400;0;100;0;2
2022;3;0;11;103000;0;103000;0;100;0;2
2022;3;0;9;154000;0;154000;0;100;0;1
2022;3;0;9;139000;0;139000;0;100;0;1
2022;2;0;37;160000;0;160000;0;100;0;1
2022;2;0;37;120000;0;120000;0;100;0;1
2022;3;0;9;82900;0;82900;0;100;0;1
2022;3;0;9;63900;0;63900;0;100;0;1
2022;0;0;42;75000;0;75000;0;100;0;2
2022;0;0;42;75000;0;75000;0;100;0;2
2022;1;0;1;89000;0;89000;0;0;0;2
2022;1;0;1;68462;0;68462;0;0;0;2
2022;3;0;9;276900;0;276900;0;100;0;1
2022;3;0;9;168400;0;168400;0;100;0;1
2022;3;0;9;105800;0;105800;0;0;0;1
2022;3;0;9;81600;0;81600;0;0;0;1
2022;3;0;36;177600;0;177600;0;100;0;2
2022;3;0;36;131300;0;131300;0;100;0;2
2022;3;0;9;120000;0;120000;0;100;0;1
2022;3;0;9;90000;0;90000;0;100;0;1
2022;1;0;9;145000;0;145000;0;100;0;1
2022;1;0;9;105400;0;105400;0;100;0;1
2022;3;0;9;220000;0;220000;0;0;0;1
2022;3;0;9;140000;0;140000;0;0;0;1
2022;3;0;9;175000;0;175000;0;100;0;1
2022;3;0;9;130000;0;130000;0;100;0;1
2022;3;0;18;60000;0;60000;31;100;0;1
2022;0;35;8;80000;0;80000;6;100;0;2
2022;1;0;31;200100;0;200100;0;100;0;1
2022;1;0;31;160080;0;160080;0;100;0;1
2022;1;0;35;135000;0;135000;0;100;0;1
2022;1;0;35;100000;0;100000;0;100;0;1
2022;3;0;9;195000;0;195000;0;100;0;1
2022;3;0;9;170000;0;170000;0;100;0;1
2022;1;0;9;108070;0;108070;0;100;0;1
2022;1;0;9;91860;0;91860;0;100;0;1
2022;3;0;36;207800;0;207800;0;100;0;2
2022;3;0;36;153600;0;153600;0;100;0;2
2022;1;0;1;102600;0;102600;0;100;0;1
2022;1;0;1;82080;0;82080;0;100;0;1
2022;1;0;9;160000;0;160000;0;0;0;1
2022;1;0;9;110000;0;110000;0;0;0;1
2022;1;0;9;180000;3;194866;0;100;0;1
2022;1;0;9;140000;3;151562;0;100;0;1
2022;2;0;22;240000;3;259821;0;100;0;1
2022;2;0;22;180000;3;194866;0;100;0;1
2022;1;0;33;152000;0;152000;0;0;0;1
2022;1;0;33;91000;0;91000;0;0;0;1
2022;1;0;31;200100;0;200100;0;100;0;1
2022;1;0;31;160080;0;160080;0;100;0;1
2022;1;0;1;193800;0;193800;0;100;0;1
2022;1;0;1;62000;0;62000;0;100;0;1
2022;3;0;9;160000;0;160000;0;100;0;2
2022;3;0;9;120000;0;120000;0;100;0;2
2022;3;0;9;192400;0;192400;0;100;0;1
2022;3;0;9;90700;0;90700;0;100;0;1
2022;3;0;1;150260;0;150260;0;100;0;1
2022;3;0;1;109280;0;109280;0;100;0;1
2022;3;0;8;175000;0;175000;0;0;0;1
2022;3;0;8;90000;0;90000;0;0;0;1
2022;3;0;9;200100;0;200100;0;100;0;1
2022;3;0;9;160080;0;160080;0;100;0;1
2022;3;0;34;130200;0;130200;0;100;0;1
2022;3;0;34;106500;0;106500;0;100;0;1
2022;3;0;36;146800;0;146800;0;100;0;1
2022;3;0;36;118200;0;118200;0;100;0;1
2022;3;0;9;165200;0;165200;0;100;0;1
2022;3;0;9;133000;0;133000;0;100;0;1
2022;3;0;9;165200;0;165200;0;100;0;1
2022;3;0;9;133000;0;133000;0;100;0;1
2022;3;0;9;146800;0;146800;0;100;0;1
2022;3;0;9;118200;0;118200;0;100;0;1
2022;3;0;9;115700;0;115700;0;100;0;1
2022;3;0;9;94700;0;94700;0;100;0;1
2022;1;0;1;60000;0;60000;0;100;0;1
2022;1;0;1;50000;0;50000;0;100;0;1
2022;3;0;1;144200;0;144200;0;0;0;1
2022;3;0;1;132870;0;132870;0;0;0;1
2022;3;0;9;175000;0;175000;0;0;0;1
2022;3;0;9;120000;0;120000;0;0;0;1
2022;3;0;8;180000;0;180000;0;100;0;1
2022;3;0;8;80000;0;80000;0;100;0;1
2022;1;0;34;91670;0;91670;0;0;0;2
2022;1;0;34;63500;0;63500;0;0;0;2
2022;3;0;12;180000;0;180000;0;0;0;1
2022;3;0;12;90000;0;90000;0;0;0;1
2022;3;0;9;165400;0;165400;0;100;0;1
2022;3;0;9;132320;0;132320;0;100;0;1
2022;3;0;9;184800;0;184800;0;100;0;1
2022;3;0;9;148800;0;148800;0;100;0;1
2022;3;0;9;165400;0;165400;0;100;0;1
2022;3;0;9;132320;0;132320;0;100;0;1
2022;1;0;9;145000;0;145000;0;100;0;1
2022;1;0;9;118600;0;118600;0;100;0;1
2022;1;0;33;152000;0;152000;0;0;0;1
2022;1;0;33;91000;0;91000;0;0;0;1
2022;3;0;33;157000;0;157000;0;0;0;1
2022;3;0;33;108000;0;108000;0;0;0;1
2022;3;0;35;175000;0;175000;0;100;0;1
2022;3;0;35;90000;0;90000;0;100;0;1
2022;3;0;9;220000;0;220000;0;100;0;1
2022;3;0;9;165400;0;165400;0;100;0;1
2022;3;0;9;184800;0;184800;0;100;0;1
2022;3;0;9;148800;0;148800;0;100;0;1
2022;3;0;9;145000;0;145000;0;100;0;1
2022;3;0;9;118600;0;118600;0;100;0;1
2022;3;0;9;165400;0;165400;0;0;0;1
2022;3;0;9;132320;0;132320;0;0;0;1
2022;3;0;9;165400;0;165400;0;100;0;1
2022;3;0;9;132320;0;132320;0;100;0;1
2022;3;0;9;160000;0;160000;0;100;0;1
2022;3;0;9;130000;0;130000;0;100;0;1
2022;1;0;30;115000;0;115000;0;100;0;1
2022;1;0;30;100000;0;100000;0;100;0;1
2022;3;0;9;131500;0;131500;0;100;0;1
2022;3;0;9;111775;0;111775;0;100;0;1
2022;3;0;9;221500;0;221500;0;100;0;1
2022;3;0;9;104400;0;104400;0;100;0;1
2022;3;0;9;210000;0;210000;0;0;0;1
2022;3;0;9;160000;0;160000;0;0;0;1
2022;1;0;9;140000;0;140000;0;100;0;0
2022;1;0;9;90000;0;90000;0;100;0;0
2022;3;0;9;165400;0;165400;0;100;0;1
2022;3;0;9;132320;0;132320;0;100;0;1
2022;1;0;1;60000;0;60000;0;100;0;1
2022;1;0;1;50000;0;50000;0;100;0;1
2022;3;0;22;267840;0;267840;0;100;0;1
2022;3;0;22;214056;0;214056;0;100;0;1
2022;3;0;9;201000;0;201000;0;100;0;1
2022;3;0;9;160080;0;160080;0;100;0;1
2022;1;0;9;172000;0;172000;0;0;0;1
2022;1;0;9;87000;0;87000;0;0;0;1
2022;1;0;9;141300;0;141300;0;0;0;1
2022;1;0;9;102100;0;102100;0;0;0;1
2022;1;0;9;141300;0;141300;0;0;0;1
2022;1;0;9;88100;0;88100;0;0;0;1
2022;3;0;34;120000;0;120000;0;100;0;1
2022;3;0;34;30000;0;30000;0;100;0;1
2022;3;0;21;222500;0;222500;0;100;0;1
2022;3;0;21;135000;0;135000;0;100;0;1
2022;2;0;22;300000;0;300000;0;100;0;1
2022;2;0;22;250000;0;250000;0;100;0;1
2022;3;0;1;168400;0;168400;0;100;0;1
2022;3;0;1;148000;0;148000;0;100;0;1
2022;3;0;9;165400;0;165400;0;100;0;1
2022;3;0;9;132320;0;132320;0;100;0;1
2022;3;0;9;200100;0;200100;0;100;0;1
2022;3;0;9;160080;0;160080;0;100;0;1
2022;3;0;9;220100;0;220100;0;100;0;1
2022;3;0;9;176080;0;176080;0;100;0;1
2022;1;0;1;65000;0;65000;0;100;0;1
2022;1;0;1;55000;0;55000;0;100;0;1
2022;3;0;9;230000;0;230000;0;0;0;1
2022;3;0;9;190000;0;190000;0;0;0;1
2022;3;0;9;182750;0;182750;0;100;0;1
2022;3;0;9;153000;0;153000;0;100;0;1
2022;1;0;9;210000;0;210000;0;100;0;1
2022;1;0;9;140000;0;140000;0;100;0;1
2022;3;0;9;207000;0;207000;0;100;0;1
2022;3;0;9;153000;0;153000;0;100;0;1
2022;1;0;9;182000;0;182000;0;100;0;1
2022;1;0;9;153000;0;153000;0;100;0;1
2022;3;0;9;220100;0;220100;0;100;0;1
2022;3;0;9;176080;0;176080;0;100;0;1
2022;3;0;9;120000;0;120000;0;100;0;1
2022;3;0;9;90000;0;90000;0;100;0;1
2022;1;0;1;60000;0;60000;0;100;0;1
2022;1;0;1;50000;0;50000;0;100;0;1
2022;3;0;9;276900;0;276900;0;100;0;1
2022;3;0;9;104400;0;104400;0;100;0;1
2022;3;0;9;192400;0;192400;0;100;0;1
2022;3;0;9;90700;0;90700;0;100;0;1
2022;1;0;9;208775;0;208775;0;100;0;1
2022;1;0;9;147800;0;147800;0;100;0;1
2022;3;0;33;157000;0;157000;0;0;0;1
2022;3;0;33;108000;0;108000;0;0;0;1
2022;1;0;33;152000;0;152000;0;0;0;1
2022;1;0;33;91000;0;91000;0;0;0;1
2022;3;0;9;200100;0;200100;0;100;0;1
2022;3;0;9;160080;0;160080;0;100;0;1
2022;1;0;9;200000;0;200000;0;100;0;2
2022;2;0;82;220000;0;220000;0;100;0;1
2022;0;0;43;150000;0;150000;18;100;0;1
2022;3;0;61;271600;0;271600;0;100;0;2
2022;1;0;35;122500;0;122500;0;100;0;0
2022;1;0;43;129000;0;129000;0;100;0;2
2022;3;0;61;260000;0;260000;0;100;0;2
2022;3;0;12;145000;0;145000;0;100;0;2
2022;3;0;69;135000;0;135000;14;100;0;0
2022;1;0;21;126000;0;126000;0;0;0;1
2022;1;0;81;122000;0;122000;0;50;0;2
2022;1;0;48;140000;0;140000;0;100;0;2
2022;3;0;43;150000;0;150000;0;100;0;2
2021;3;0;3;172500;0;172500;0;100;0;2
2022;1;0;21;120000;0;120000;0;50;0;2
2022;2;0;79;259000;0;259000;0;50;0;2
2022;3;0;21;180000;0;180000;0;50;0;2
2022;3;0;12;250000;0;250000;0;100;0;2
2022;0;0;21;105000;0;105000;0;100;0;2
2022;3;0;4;104000;0;104000;0;100;0;1
2022;3;0;3;192500;0;192500;0;100;0;0
2021;3;0;9;190000;0;190000;0;0;0;2
2022;1;0;10;100000;0;100000;0;100;0;2
2022;3;0;59;224000;0;224000;0;100;0;2
2022;3;0;7;125000;0;125000;0;100;0;2
2021;3;0;21;120000;0;120000;0;100;0;2
2022;3;0;61;215000;0;215000;0;100;0;2
2022;1;0;25;260000;0;260000;0;100;0;2
2021;0;0;8;50000;0;50000;0;100;0;2
2022;3;0;35;149000;0;149000;0;100;0;1
2020;3;0;9;107000;0;107000;0;0;0;2
2022;3;0;35;140000;0;140000;0;100;0;1
2022;3;0;9;232000;4;182006;9;100;0;2
2022;3;0;12;127000;0;127000;0;100;0;2
2022;1;0;25;130000;0;130000;0;100;0;0
2022;3;0;12;135000;0;135000;0;0;0;2
2021;3;0;12;135000;0;135000;0;0;0;2
2022;2;0;47;325000;0;325000;0;100;0;2
2021;0;0;3;100000;0;100000;0;50;0;2
2022;3;0;15;150000;0;150000;0;100;0;2
2022;1;0;51;130000;0;130000;0;100;0;1
2022;3;0;48;135000;0;135000;0;100;0;1
2022;3;0;48;100000;0;100000;0;100;0;1
2022;0;0;42;85000;0;85000;0;0;0;2
2021;3;0;16;180000;0;180000;0;100;0;2
2022;3;0;10;150000;0;150000;0;100;0;2
2022;0;0;7;55000;0;55000;0;0;0;1
2021;3;0;48;175000;0;175000;0;100;0;1
2022;0;0;23;70000;0;70000;0;100;0;2
2021;0;0;18;200000;0;200000;0;100;0;2
2022;1;0;16;90000;0;90000;0;100;0;2
2022;2;0;49;201000;0;201000;0;100;0;2
2022;3;0;9;196000;0;196000;0;100;0;2
2021;3;0;3;137000;0;137000;0;50;0;1
2022;1;0;7;180000;0;180000;0;100;0;2
2022;1;0;18;250000;0;250000;0;100;0;2
2021;3;0;47;128000;0;128000;0;100;0;2
2022;3;0;11;150000;0;150000;0;100;0;2
2022;1;0;9;150000;0;150000;0;0;0;2
2022;1;0;12;180000;0;180000;0;100;0;2
2022;3;0;54;130000;0;130000;0;0;0;2
2022;1;0;48;127000;0;127000;0;100;0;2
2022;1;0;32;108856;0;108856;0;0;0;2
2022;1;0;48;87000;0;87000;0;50;0;2
2022;3;0;24;130000;0;130000;0;50;0;2
2022;3;0;3;92000;3;99598;16;100;0;2
2022;1;0;33;150000;0;150000;0;100;0;2
2021;3;0;17;160000;0;160000;0;100;0;2
2021;3;0;10;150000;0;150000;0;50;0;2
2021;1;0;16;55000;0;55000;0;50;0;2
2022;3;0;12;260000;0;260000;0;100;0;2
2021;3;0;12;145000;0;145000;0;0;0;2
2021;3;0;12;135000;0;135000;0;0;0;2
2021;1;0;16;88000;0;88000;0;0;0;2
2021;1;0;16;84000;0;84000;0;0;0;2
2021;3;0;32;120000;0;120000;0;100;0;1
2022;3;0;9;146000;0;146000;0;100;0;2
2022;0;0;46;60000;0;60000;0;100;0;1
2022;3;0;54;175000;0;175000;0;100;0;2
2022;3;0;43;160000;0;160000;0;100;0;2
2022;1;0;62;130000;0;130000;0;100;0;1
2021;0;0;7;84300;0;84300;0;100;0;2
2022;0;0;17;50000;0;50000;0;100;0;0
2022;0;0;48;85000;0;85000;0;100;0;2
2022;1;0;12;171200;0;171200;0;100;0;2
2021;1;0;16;66000;0;66000;0;100;0;2
2022;2;0;29;270000;0;270000;0;50;0;2
2022;1;0;16;84583;0;84583;0;0;0;2
2021;0;0;1;70000;0;70000;0;0;0;2
2022;0;0;8;63000;0;63000;0;50;0;2
2022;0;0;28;110000;0;110000;0;50;0;1
2021;0;0;7;53000;0;53000;0;50;0;1
2021;0;0;42;55000;0;55000;0;50;0;0
2021;3;0;1;180000;0;180000;0;100;0;2
2022;3;0;20;106000;0;106000;0;100;0;2
2022;1;0;10;98000;0;98000;0;100;0;2
2020;3;0;46;125000;0;125000;0;50;0;2
2022;1;0;48;160000;0;160000;0;100;0;2
2022;3;0;17;150000;0;150000;0;100;0;1
2022;0;0;4;76000;0;76000;0;50;0;2
2021;2;0;19;310000;0;310000;0;50;0;2
2022;1;0;48;155000;4;121599;9;100;0;2
2021;1;0;49;99980;0;99980;0;100;0;2
2021;1;0;46;145000;0;145000;0;100;0;2
2022;0;0;26;79000;0;79000;0;50;0;1
2021;1;0;72;120000;0;120000;0;100;0;2
2022;2;0;29;210000;0;210000;0;100;0;2
2022;1;0;21;125000;0;125000;0;100;0;1
2022;3;0;1;115000;0;115000;0;100;0;2
2021;3;0;72;225000;0;225000;0;100;0;2
2022;2;0;12;153000;0;153000;0;100;0;2
2022;3;0;76;180000;0;180000;0;100;0;1
2021;1;0;21;120000;0;120000;0;100;0;2
2022;1;0;7;107000;0;107000;0;100;0;2
2022;0;0;7;65000;0;65000;0;100;0;2
2021;3;0;45;305000;0;305000;0;100;0;2
2022;3;0;3;500000;0;500000;0;100;0;2
2021;3;0;67;125000;0;125000;0;100;0;2
2021;3;0;55;140000;0;140000;0;50;0;2
2022;3;0;47;297000;0;297000;0;50;0;2
2021;1;0;16;46560;0;46560;0;100;0;2
2022;3;0;7;96000;0;96000;0;100;0;2
2022;3;0;8;130000;0;130000;0;100;0;2
2022;3;0;3;82000;3;88772;7;100;0;2
2022;3;0;7;129000;0;129000;0;100;0;2
2022;3;0;10;155000;0;155000;0;100;0;2
2021;3;0;43;125000;0;125000;0;100;0;2
2020;0;0;42;73000;0;73000;0;0;0;1
2021;3;0;10;170000;0;170000;0;100;0;2
2022;3;0;9;160000;0;160000;0;100;0;2
2022;0;0;7;70000;0;70000;0;100;0;1
2021;1;0;16;98000;0;98000;0;100;0;2
2022;3;0;21;143000;0;143000;0;100;0;2
2021;1;0;9;83500;0;83500;0;0;0;2
2022;1;0;75;120000;0;120000;0;100;0;2
2022;1;0;9;120000;0;120000;0;100;0;1
2022;1;0;7;20100;0;20100;33;100;0;2
2022;2;0;3;240000;0;240000;0;100;0;2
2021;1;0;21;97000;0;97000;0;100;0;2
2022;3;0;73;220000;0;220000;0;100;0;2
2022;2;0;21;287500;0;287500;0;50;0;2
2022;3;0;8;150000;0;150000;0;100;0;1
2021;3;0;10;120000;0;120000;0;100;0;2
2021;3;0;11;157000;0;157000;0;100;0;2
2021;3;0;11;208000;0;208000;34;100;0;2
2022;3;0;36;100500;0;100500;0;100;0;2
2021;2;0;49;175000;0;175000;0;100;0;2
2022;3;0;21;150000;0;150000;0;100;0;2
2022;0;0;7;72000;0;72000;0;100;0;2
2021;3;0;46;125000;0;125000;0;100;0;2
2022;3;0;28;190000;0;190000;0;50;0;2
2022;0;0;1;65000;0;65000;0;100;0;2
2022;1;0;3;160000;0;160000;0;50;0;0
2022;1;0;7;90000;0;90000;0;100;0;0
2022;3;0;31;360000;0;360000;0;100;0;2
2022;3;0;31;200000;0;200000;0;100;0;2
2022;1;0;32;120000;0;120000;0;100;0;2
2022;0;0;7;34000;0;34000;0;100;0;2
2022;1;0;8;165000;0;165000;0;100;0;1
2022;3;0;10;173000;0;173000;0;50;0;2
2021;1;0;10;109000;0;109000;0;0;0;2
2022;1;0;11;126000;0;126000;0;0;0;1
2022;1;0;16;230000;0;230000;0;50;0;2
2022;3;0;20;112000;0;112000;0;100;0;1
2022;3;0;7;130000;0;130000;0;50;0;2
2022;3;0;74;130000;0;130000;0;100;0;2
2022;0;0;7;58000;0;58000;0;100;0;0
2021;1;0;54;69000;0;69000;0;100;0;2
2022;1;0;26;145000;0;145000;0;50;0;2
2022;1;0;22;61000;0;61000;0;0;0;1
2021;0;0;16;70000;0;70000;0;100;0;2
2021;3;0;47;126000;0;126000;0;50;0;2
2021;2;0;29;145000;0;145000;0;100;0;2
2022;0;0;42;75000;0;75000;0;100;0;2
2022;1;0;7;74900;0;74900;0;0;0;2
2021;3;0;7;87000;0;87000;8;50;0;2
2021;0;0;10;65000;0;65000;0;100;0;2
2021;1;0;3;45000;3;53192;35;100;0;2
2022;3;0;12;143000;0;143000;0;50;0;2
2022;3;0;30;165000;0;165000;0;100;0;2
2021;1;0;36;130000;0;130000;0;100;0;2
2021;3;0;21;125000;0;125000;0;100;0;2
2022;3;0;72;112000;0;112000;0;50;0;2
2022;3;0;9;119500;0;119500;0;100;0;2
2021;2;0;19;220500;0;220500;0;100;0;2
2022;0;0;1;70000;0;70000;0;100;0;2
2022;3;0;28;172000;0;172000;0;100;0;2
2022;3;0;8;118000;0;118000;0;100;0;0
2021;3;0;10;130000;3;153667;5;100;0;2
2021;1;0;7;73300;0;73300;0;0;0;2
2022;1;0;8;143000;0;143000;0;100;0;2
2021;3;0;8;105000;0;105000;0;100;0;0
2022;3;0;10;105000;0;105000;0;0;0;0
2022;1;0;9;130000;0;130000;0;100;0;2
2022;0;1;42;70000;0;70000;0;100;0;2
2022;0;0;11;85000;0;85000;0;100;0;2
2022;3;0;21;181000;0;181000;0;100;0;2
2022;3;0;72;224000;0;224000;0;100;0;2
2022;3;0;47;286000;1;55888;1;100;0;2
2022;2;0;29;220000;0;220000;0;100;0;2
2021;3;0;36;211000;0;211000;0;100;0;2
2022;3;0;59;110000;0;110000;0;100;0;2
2022;1;0;21;200000;0;200000;0;100;0;2
2021;1;0;51;170000;0;170000;0;100;0;2
2021;3;0;12;135000;0;135000;0;100;0;2
2022;2;0;11;189000;0;189000;0;100;0;2
2021;2;0;29;173000;0;173000;0;100;0;1
2022;3;0;72;249000;0;249000;0;100;0;2
2022;3;0;28;140000;0;140000;0;100;0;2
2022;3;1;31;135000;0;135000;0;50;0;2
2022;3;0;49;600000;0;600000;0;100;0;2
2021;1;0;20;100000;0;100000;0;50;0;2
2021;3;0;63;102000;0;102000;0;50;0;2
2022;1;0;16;60000;0;60000;0;100;0;1
2022;3;0;45;183000;0;183000;0;100;0;2
2022;3;0;59;190000;0;190000;0;100;0;2
2022;1;0;25;130000;0;130000;0;100;0;2
2021;0;0;18;175000;0;175000;0;100;0;2
2022;1;0;71;150000;0;150000;0;100;0;1
2021;0;0;10;74000;0;74000;0;50;0;0
2022;3;0;41;112000;0;112000;0;100;0;2
2022;3;0;9;255000;0;255000;0;100;0;2
2022;3;0;9;170000;0;170000;0;100;0;2
2022;3;0;17;173000;0;173000;0;0;0;2
2021;1;0;9;130000;0;130000;0;100;0;2
2022;3;0;24;150000;0;150000;0;100;0;2
2022;2;0;29;200000;0;200000;0;100;0;2
2022;1;0;10;130000;4;101986;9;100;0;2
2021;1;0;4;76000;0;76000;0;100;0;2
2022;1;0;46;88000;0;88000;0;100;0;2
2021;0;0;1;50000;0;50000;0;100;0;0
2021;3;0;1;80000;0;80000;0;100;0;0
2022;1;0;7;131800;0;131800;0;0;0;2
2022;1;0;7;99900;0;99900;0;0;0;2
2021;1;0;10;110000;0;110000;0;100;0;1
2022;1;0;12;160000;0;160000;0;50;0;2
2021;1;0;12;128000;0;128000;0;100;0;2
2022;1;0;12;130000;0;130000;0;0;0;2
2021;1;0;11;125000;0;125000;0;100;0;2
2022;3;0;12;310000;0;310000;0;100;0;2
2022;0;0;7;55000;0;55000;0;0;0;2
2021;3;0;28;138000;0;138000;0;100;0;2
2021;0;0;7;60000;0;60000;0;50;0;2
2021;3;0;27;99960;0;99960;0;0;0;2
2021;0;35;16;30000;0;30000;0;100;0;2
2022;1;0;9;110000;0;110000;0;50;0;2
2021;1;0;20;68900;0;68900;0;100;0;2
2021;1;0;28;116000;0;116000;0;0;0;0
2022;0;0;7;52000;0;52000;0;50;0;0
2021;1;0;4;115500;0;115500;0;100;0;2
2021;3;0;25;104000;0;104000;0;100;0;2
2022;0;0;27;70000;0;70000;6;0;0;2
2022;1;0;7;131500;0;131500;0;0;0;2
2022;1;0;7;99950;0;99950;0;0;0;2
2021;0;0;7;76200;0;76200;0;50;0;2
2021;1;0;53;100000;0;100000;0;100;0;1
2022;1;0;22;100000;0;100000;0;50;0;2
2021;3;0;9;145000;0;145000;0;50;0;2
2021;1;0;16;120000;0;120000;0;100;0;2
2021;1;0;8;100000;0;100000;0;100;0;1
2021;1;0;58;320000;0;320000;0;50;0;2
2021;0;0;1;75000;0;75000;0;100;0;0
2021;3;0;10;150000;0;150000;0;100;0;2
2021;3;0;71;120000;0;120000;0;100;0;2
2020;1;0;46;115000;0;115000;0;100;0;2
2021;1;0;1;91700;0;91700;0;0;0;2
2021;1;0;1;82600;0;82600;0;0;0;2
2021;3;0;28;146000;0;146000;0;100;0;2
2021;1;0;7;135000;0;135000;0;50;0;2
2021;3;0;12;185000;0;185000;0;50;0;2
2021;2;0;29;220000;0;220000;0;50;0;2
2021;0;0;42;68500;0;68500;0;50;0;1
2020;3;0;12;150000;4;111883;9;100;0;2
2021;1;0;8;115000;0;115000;0;100;0;1
2021;1;0;10;97350;0;97350;0;100;0;2
2020;3;0;16;94000;0;94000;0;50;0;2
2021;0;0;10;93000;0;93000;0;100;0;2
2021;3;0;16;130000;0;130000;0;100;0;2
2020;3;0;32;65000;3;74130;14;50;0;2
2021;0;0;7;79000;0;79000;0;100;0;2
2021;3;0;70;130000;0;130000;0;100;0;1
2020;3;0;26;129998;0;129998;0;100;0;1
2021;0;0;7;75000;0;75000;0;100;0;1
2021;3;0;11;155000;0;155000;0;100;0;0
2021;1;0;21;75000;0;75000;0;100;0;2
2021;3;0;12;200000;0;200000;0;0;0;1
2021;1;0;16;93600;0;93600;0;100;0;2
2021;1;0;19;96500;0;96500;0;0;0;2
2021;3;0;43;205000;0;205000;0;100;0;2
2020;0;0;9;122000;0;122000;0;0;0;2
2020;0;0;7;96000;0;96000;0;50;0;2
2021;0;0;42;72000;0;72000;0;100;0;2
2021;0;0;7;50000;0;50000;0;100;0;2
2021;0;0;4;50000;0;50000;0;0;0;2
2021;3;0;47;140000;0;140000;0;100;0;2
2021;1;0;7;85000;0;85000;0;100;0;0
2021;3;0;20;92000;0;92000;0;100;0;2
2020;1;0;33;103000;0;103000;0;50;0;2
2021;0;0;7;65000;0;65000;0;100;0;2
2020;3;0;49;180000;0;180000;0;50;0;2
2021;3;0;10;216000;0;216000;0;100;0;2
2020;1;0;4;90000;0;90000;0;100;0;1
2021;0;0;8;70000;0;70000;0;50;0;0
2021;3;0;41;150000;0;150000;0;100;0;1
2021;3;0;9;130000;0;130000;0;100;0;1
2021;3;0;10;175000;0;175000;0;100;0;2
2021;1;0;10;220000;0;220000;0;50;0;1
2021;0;0;22;106000;0;106000;0;0;0;2
2021;3;0;48;120000;0;120000;0;100;0;2
2021;0;0;7;75000;0;75000;0;100;0;2
2021;1;0;7;96000;0;96000;0;50;0;2
2021;0;0;16;75000;0;75000;0;50;0;2
2021;0;0;16;65000;0;65000;0;100;0;2
2020;0;0;10;80000;0;80000;0;50;0;2
2020;1;0;42;91520;0;91520;0;0;0;2
2021;3;0;45;135600;0;135600;0;0;0;2
2021;1;0;16;53000;0;53000;0;0;0;2
2021;1;0;10;72000;0;72000;0;50;0;1
2021;1;0;24;169000;0;169000;0;50;0;2
2020;1;0;43;99000;0;99000;0;0;0;2
2021;1;0;8;100000;0;100000;0;100;0;2
2021;1;0;12;130000;0;130000;0;0;0;1
2021;1;0;1;97000;0;97000;0;100;0;2
2021;1;0;24;90000;0;90000;0;50;0;2
2021;0;0;25;85000;0;85000;0;100;0;2
2021;1;0;24;90000;0;90000;0;50;0;2
2020;0;0;69;85000;0;85000;0;0;0;2
2020;1;0;49;123000;0;123000;0;0;0;2
2021;3;0;32;170000;0;170000;0;100;0;2
2021;0;0;21;77000;0;77000;0;100;0;2
2021;2;0;19;375000;0;375000;0;100;0;2
2020;1;0;9;135000;0;135000;0;100;0;1
2020;3;0;9;148000;0;148000;0;50;0;1
2020;3;0;68;180000;0;180000;0;100;0;2
2021;1;0;7;90000;0;90000;0;100;0;2
2021;0;0;7;63700;0;63700;0;100;0;2
2020;2;0;12;117810;0;117810;0;0;0;0
2020;1;0;67;200000;0;200000;0;100;0;2
2020;3;0;7;134000;0;134000;0;100;0;2
2020;1;0;16;140000;0;140000;0;0;0;2
2020;1;0;10;175000;0;175000;0;50;0;2
2021;3;0;7;85000;0;85000;0;50;0;2
2020;1;0;44;180000;0;180000;0;50;0;1
2021;3;0;25;320000;0;320000;0;100;0;2
2021;1;0;42;75000;0;75000;0;100;0;1
2021;1;0;17;127000;0;127000;0;100;0;2
2021;0;0;26;45100;0;45100;0;50;0;2
2021;3;0;22;124000;0;124000;0;50;0;2
2021;1;0;12;90000;0;90000;0;0;0;1
2021;2;0;6;240000;0;240000;0;50;0;2
2021;2;0;6;240000;0;240000;0;50;0;2
2020;1;0;9;80000;0;80000;0;100;0;1
2020;1;0;7;87500;0;87500;0;100;0;2
2020;1;0;7;110000;0;110000;0;0;0;2
2021;0;0;8;98000;0;98000;0;50;0;2
2020;1;0;43;102000;0;102000;0;50;0;2
2020;1;0;46;72000;0;72000;0;100;0;2
2021;1;0;24;124000;0;124000;0;0;0;1
2021;0;0;14;119000;0;119000;0;100;0;2
2020;3;0;61;175000;0;175000;0;100;0;2
2021;3;0;12;180000;0;180000;0;100;0;2
2021;3;0;12;123000;0;123000;0;100;0;2
2020;0;0;7;80000;0;80000;0;50;0;2
2021;1;0;62;120000;0;120000;0;50;0;2
2021;1;0;7;150000;0;150000;0;50;0;1
2021;3;0;12;135000;0;135000;0;0;0;2
2021;1;0;10;130000;0;130000;0;50;0;2
2021;1;0;12;100000;0;100000;0;50;0;1
2021;0;0;46;20000;3;23641;44;100;0;2
2021;0;0;7;70000;0;70000;0;100;0;2
2021;3;0;56;130000;0;130000;0;100;0;2
2021;0;0;1;73000;0;73000;0;0;0;0
2021;1;0;7;92000;0;92000;0;100;0;2
2021;1;0;7;145000;0;145000;0;50;0;2
2020;3;0;10;135000;0;135000;0;50;0;2
2021;3;0;7;150000;0;150000;0;0;0;2
2020;0;0;10;75000;0;75000;0;100;0;2
2021;3;0;7;48000;2;66022;3;100;0;2
2020;3;0;12;150000;0;150000;0;50;0;2
2021;1;0;7;90000;0;90000;0;0;0;1
2021;3;0;47;102500;0;102500;0;0;0;2
2021;2;0;19;130000;0;130000;0;100;0;2
2021;1;0;7;85000;0;85000;0;100;0;2
2021;1;0;8;120000;0;120000;0;100;0;1
2020;2;0;45;600000;0;600000;0;50;0;2
2021;3;0;43;141000;0;141000;0;50;0;2
2020;0;0;7;66000;0;66000;0;50;0;2
2021;0;0;1;60008;0;60008;0;50;0;2
2020;3;0;10;272000;0;272000;0;100;0;2
2020;0;0;7;80000;0;80000;0;100;0;1
2021;0;0;4;31000;0;31000;0;0;0;2
2021;0;0;1;100300;0;100300;0;100;0;2
2021;3;0;51;150000;0;150000;0;100;0;2
2021;1;0;25;119000;0;119000;0;100;0;2
2020;1;0;9;192000;0;192000;0;100;0;2
2020;3;0;12;102000;0;102000;0;0;0;2
2021;3;0;19;240000;0;240000;0;100;0;0
2021;0;0;42;63000;0;63000;0;0;0;2
2021;1;0;10;98000;0;98000;0;100;0;2
2021;3;0;12;100000;0;100000;0;100;0;2
2021;1;0;25;80000;0;80000;0;100;0;1
2020;1;0;20;72000;0;72000;0;100;0;2
2021;0;0;10;75000;0;75000;0;100;0;2
2020;1;0;66;80000;0;80000;0;50;0;2
2021;1;0;7;67000;0;67000;0;0;0;2
2020;3;0;66;130000;0;130000;0;100;0;2
2021;1;0;42;120000;0;120000;0;100;0;2
2021;1;0;10;76500;0;76500;0;100;0;2
2021;3;0;7;160000;0;160000;0;0;0;1
2021;2;0;29;200000;0;200000;0;100;0;2
2021;2;0;22;142000;0;142000;0;50;0;2
2020;2;0;41;180000;0;180000;0;100;0;2
2020;1;0;7;120000;0;120000;0;100;0;2
2021;3;0;12;150000;0;150000;0;100;0;1
2021;1;0;26;100000;0;100000;0;0;0;2
2021;2;0;29;187000;0;187000;0;100;0;2
2021;2;0;19;104000;0;104000;0;100;0;2
2020;0;0;63;65000;0;65000;0;50;0;2
2020;1;0;10;128000;0;128000;0;0;0;2
2021;1;0;25;120000;0;120000;0;100;0;2
2020;1;0;12;105000;0;105000;0;100;0;2
2021;1;0;16;120000;0;120000;0;100;0;2
2021;1;0;48;145000;0;145000;0;100;0;2
2021;0;0;8;78000;0;78000;0;100;0;2
2021;3;0;10;125000;0;125000;0;100;0;2
2021;3;0;49;130000;0;130000;0;0;0;2
2020;3;0;18;130000;0;130000;0;100;0;2
2020;3;0;12;141000;0;141000;0;100;0;2
2021;3;0;51;120000;0;120000;0;100;0;2
2021;1;0;7;90000;0;90000;0;100;0;2
2021;2;0;12;172500;0;172500;0;100;0;1
2020;3;0;27;90000;0;90000;0;50;0;2
2020;1;0;7;93000;0;93000;0;50;0;2
2021;0;0;4;62000;0;62000;0;50;0;2
2020;3;0;27;240000;0;240000;9;100;0;2
2021;3;0;8;195000;0;195000;0;100;0;2
2020;3;0;7;98000;0;98000;0;100;0;2
2020;0;0;18;85000;0;85000;0;100;0;2
2020;1;0;49;120000;0;120000;0;50;0;2
2021;3;0;12;120000;0;120000;0;50;0;1
2021;0;0;7;70000;0;70000;0;0;0;2
2020;1;0;7;75000;0;75000;0;100;0;2
2021;0;0;10;101350;0;101350;0;50;0;2
2020;0;0;7;60000;0;60000;0;50;0;2
2021;0;0;31;85000;0;85000;0;0;0;2
2021;1;0;26;76000;0;76000;0;0;0;2
2021;3;0;1;105000;0;105000;0;100;0;1
2021;1;35;50;100000;0;100000;0;50;0;1
2021;1;0;10;65000;0;65000;0;100;0;2
2021;1;0;22;122000;0;122000;0;0;0;2
2021;1;0;7;80000;0;80000;0;50;0;2
2021;1;0;7;131870;0;131870;0;0;0;2
2021;1;0;7;99900;0;99900;0;0;0;2
2021;1;0;7;79000;0;79000;0;100;0;2
2021;3;0;12;126000;0;126000;0;50;0;2
2021;0;0;9;50000;0;50000;0;50;0;0
2020;1;0;10;75000;0;75000;0;50;0;0
2021;1;0;4;103000;0;103000;0;0;0;2
2021;3;0;9;138000;0;138000;0;0;0;2
2020;3;0;43;123000;0;123000;0;100;0;2
2020;1;0;8;80000;0;80000;0;100;0;2
2021;1;0;6;115000;0;115000;0;100;0;2
2021;1;0;48;100000;0;100000;0;100;0;2
2021;3;0;50;275000;0;275000;0;100;0;2
2021;0;0;7;80000;0;80000;0;50;0;2
2021;1;0;10;210000;0;210000;0;100;0;2
2021;0;0;48;66000;0;66000;0;100;0;2
2021;1;0;16;95000;0;95000;0;0;0;2
2021;3;0;51;160000;0;160000;0;0;0;2
2020;3;0;25;106000;0;106000;0;0;0;2
2020;2;0;22;202000;0;202000;0;0;0;2
2020;0;0;21;71000;0;71000;0;0;0;2
2021;1;0;12;114000;0;114000;0;50;0;2
2021;0;0;7;81000;0;81000;0;50;0;2
2021;2;0;52;148000;0;148000;0;100;0;1
2021;1;0;46;79509;0;79509;0;50;0;2
2021;1;0;1;20000;0;20000;6;100;0;2
2021;0;0;7;77000;0;77000;0;100;0;2
2020;3;0;9;142000;0;142000;0;100;0;2
2021;3;0;45;174000;0;174000;0;50;0;2
2021;1;0;21;100000;0;100000;0;0;0;2
2020;1;0;24;130000;0;130000;0;50;0;2
2021;3;0;21;134000;0;134000;0;100;0;2
2020;3;0;47;170000;0;170000;0;100;0;2
2021;1;0;25;120000;0;120000;0;100;0;2
2021;1;0;7;90000;0;90000;0;50;0;2
2021;1;0;17;150000;0;150000;0;100;0;2
2020;1;0;20;80000;0;80000;0;100;0;2
2021;3;0;7;145000;6;108822;13;100;0;2
2021;0;0;7;65000;0;65000;7;100;0;2
2021;1;0;62;85000;0;85000;0;0;0;2
2021;3;0;41;135000;0;135000;0;0;0;2
2021;3;1;43;72000;0;72000;0;100;0;1
2021;3;0;43;127000;0;127000;0;100;0;2
2021;3;0;53;140000;0;140000;0;50;0;2
2020;3;0;53;125000;0;125000;0;100;0;2
2020;3;35;50;55000;0;55000;0;100;0;2
2021;3;0;12;90000;0;90000;0;0;0;0
2021;3;0;14;150000;0;150000;0;100;0;2
2021;1;0;16;82700;0;82700;0;100;0;2
2021;1;0;7;106000;0;106000;0;100;0;2
2020;3;0;25;120000;0;120000;0;100;0;1
2021;3;0;43;200000;0;200000;0;100;0;2
2020;3;0;9;170000;0;170000;0;50;0;2
2021;3;0;25;107000;0;107000;0;0;0;2
2020;3;0;22;159000;0;159000;0;50;0;2
2020;1;0;26;73000;0;73000;0;0;0;2
2020;3;0;26;146000;0;146000;0;100;0;2
2021;0;0;48;77600;0;77600;0;100;0;2
2021;0;1;50;75000;0;75000;0;0;0;0
2020;3;0;58;180000;0;180000;0;100;0;0
2021;0;0;7;63000;0;63000;0;50;0;2
2021;1;0;8;100000;0;100000;0;100;0;1
2020;3;0;18;108000;0;108000;0;100;0;2
2020;1;0;54;130000;0;130000;0;50;0;2
2020;3;0;20;170000;0;170000;0;100;0;2
2021;3;0;10;132000;0;132000;0;100;0;2
2020;1;0;10;150000;0;150000;0;0;0;2
2020;3;0;50;250000;3;285118;7;100;0;2
2021;3;0;55;450000;0;450000;0;100;0;2
2020;0;0;16;60000;0;60000;0;100;0;2
2021;1;0;7;110000;0;110000;0;100;0;2
2021;0;0;7;80000;0;80000;0;50;0;2
2020;3;0;46;140000;0;140000;0;100;0;2
2021;1;0;16;30000;0;30000;0;0;0;1
2020;1;0;1;115000;0;115000;0;100;0;1
2021;1;0;10;140000;0;140000;0;100;0;1
2021;3;0;21;200000;0;200000;0;100;0;1
2021;3;0;7;140000;0;140000;0;100;0;2
2021;3;0;43;140000;0;140000;0;100;0;2
2020;0;0;42;60000;0;60000;0;100;0;2
2021;3;0;32;140000;0;140000;0;0;0;2
2020;1;0;7;100000;0;100000;0;0;0;2
2020;1;0;18;8223;0;8223;6;100;0;2
2020;3;0;9;300000;0;300000;0;50;0;2
2021;0;0;7;80100;0;80100;0;100;0;2
2021;3;0;50;175000;0;175000;0;0;0;0
2021;3;0;32;82000;0;82000;0;100;0;2
2020;3;0;10;132000;0;132000;0;100;0;2
2020;3;0;24;105000;0;105000;0;50;0;2
2021;3;0;9;106000;0;106000;0;100;0;2
2021;3;0;16;115000;0;115000;0;50;0;2
2021;3;0;8;143000;0;143000;0;100;0;2
2021;2;0;19;289000;0;289000;0;100;0;2
2021;1;0;8;115000;0;115000;0;100;0;2
2020;3;0;12;252000;0;252000;0;100;0;1
2020;3;0;48;135000;0;135000;0;50;0;2
2021;3;0;8;190000;0;190000;0;100;0;1
2021;0;0;1;48000;0;48000;0;100;0;2
2021;1;0;45;140000;0;140000;0;50;0;2
2020;3;0;43;203000;0;203000;0;50;0;2
2021;1;0;51;140400;0;140400;0;50;0;2
2021;1;0;8;110000;0;110000;0;100;0;2
2021;3;0;9;172000;0;172000;0;100;0;2
2021;0;0;10;88500;0;88500;0;50;0;2
2020;0;0;10;76960;0;76960;0;50;0;2
2020;3;0;25;145000;0;145000;0;100;0;2
2020;1;0;26;109000;0;109000;0;0;0;2
2020;3;0;58;300000;6;206620;13;100;0;2
2020;3;0;12;140000;0;140000;0;0;0;2
2020;2;0;12;169781;0;169781;0;100;0;2
2021;3;0;21;110000;0;110000;0;100;0;2
2021;1;0;10;85000;0;85000;0;100;0;2
2020;3;0;21;108000;0;108000;0;100;0;2
2021;0;0;50;125000;0;125000;0;50;0;2
2021;3;0;8;133000;0;133000;0;100;0;2
2020;1;0;10;126000;0;126000;0;50;0;2
2020;3;0;40;260000;0;260000;0;100;0;2
2021;1;0;11;105000;0;105000;0;0;0;0
2021;3;0;10;133900;0;133900;0;100;0;2
2021;1;0;16;75000;0;75000;0;0;0;2
2021;1;0;24;89000;0;89000;0;0;0;1
2021;2;0;19;400000;0;400000;0;100;0;2
2021;3;0;59;205000;0;205000;0;100;0;2
2020;3;0;47;198000;0;198000;0;100;0;2
2020;2;0;43;190000;3;216690;16;100;0;2
2021;1;0;22;86000;0;86000;0;0;0;2
2020;0;0;7;65000;0;65000;0;100;0;0
2020;3;0;9;149000;0;149000;0;50;0;2
2020;3;0;10;140000;0;140000;0;50;0;2
2021;1;0;21;116000;0;116000;0;50;0;2
2020;1;0;1;115000;0;115000;0;100;0;2
2021;1;0;25;128000;0;128000;0;100;0;2
2020;1;0;22;122750;0;122750;0;100;0;1
2020;1;0;23;144000;0;144000;0;0;0;1
2020;1;0;18;110000;0;110000;0;50;0;2
2021;0;0;18;65000;0;65000;0;100;0;2
2020;3;0;20;170000;0;170000;0;100;0;2
2021;3;0;18;135000;0;135000;0;100;0;2
2021;0;0;7;100000;0;100000;0;50;0;1
2021;3;0;17;126000;0;126000;0;100;0;2
2021;1;0;11;66310;0;66310;0;0;0;2
2022;1;0;4;250000;1;48853;1;50;1;2
2022;3;0;12;1600000;8;20873;6;0;1;2
2022;0;0;16;70000;1;13678;1;100;1;2
2021;3;0;50;315000;1;58390;1;100;1;2
2022;2;0;19;300000;1;58624;1;100;1;2
2021;0;0;7;50000;1;9268;1;100;1;2
2022;2;0;29;360000;1;70348;1;100;1;2
2022;3;0;23;180000;1;35174;1;100;1;2
2022;3;0;7;180000;1;35174;1;100;1;2
2022;3;0;12;174000;1;34001;1;100;1;2
2020;1;0;59;100000;0;100000;43;0;1;1
2021;3;0;43;450000;1;83415;1;100;1;2
2022;0;1;7;120000;0;120000;2;100;2;0
2021;1;0;5;55000;2;75650;3;50;3;2
2022;1;0;33;80000;2;102646;3;100;3;1
2022;1;0;33;60000;2;76985;3;100;3;1
2022;1;0;2;107000;2;137290;3;100;3;1
2022;1;0;2;92000;2;118043;3;100;3;1
2022;1;0;75;80000;2;102646;3;100;3;1
2022;1;0;75;55000;2;70569;3;100;3;1
2022;3;0;31;292000;0;292000;3;100;3;1
2022;3;0;31;170000;0;170000;3;100;3;1
2022;1;0;8;50000;2;64154;3;50;3;1
2022;1;0;35;80000;2;102646;3;100;3;1
2022;1;0;35;65000;2;83400;3;100;3;1
2022;3;0;9;140000;2;179632;3;0;3;1
2022;3;0;9;120000;2;153970;3;0;3;1
2022;1;0;41;60000;2;76985;3;100;3;2
2021;1;0;8;28000;2;38513;3;100;3;0
2022;2;0;19;12000;2;15397;3;100;3;1
2021;1;0;78;56400;2;77576;3;100;3;2
2022;3;0;28;950000;9;97982;3;0;3;2
2022;1;0;36;55000;2;70569;3;50;3;0
2021;1;0;42;56000;2;77026;3;100;3;2
2022;1;0;16;46000;2;59021;3;100;3;2
2022;3;0;31;710000;2;910991;3;100;3;2
2022;3;0;1;57000;2;73135;3;100;3;2
2022;0;0;21;51000;2;65437;3;50;3;2
2022;0;0;59;67000;2;85966;36;100;3;1
2022;3;0;44;40000;2;51323;30;100;3;0
2022;3;0;41;200000;2;256617;3;0;3;2
2021;3;0;19;100000;2;137547;3;100;3;2
2021;1;0;32;155000;0;155000;0;100;3;2
2021;1;0;10;45000;2;61896;3;100;3;2
2021;0;0;10;150000;3;177308;43;100;3;2
2021;0;0;8;35000;2;48141;3;100;3;1
2021;0;0;7;26100;2;35899;3;50;3;2
2021;3;0;48;65000;2;89405;3;100;3;2
2021;0;0;42;36200;2;49792;3;100;3;1
2021;1;0;19;44000;2;60520;3;100;3;2
2021;1;0;26;50000;2;68773;3;50;3;2
2020;3;0;12;55000;2;70545;3;100;3;0
2021;3;0;26;41500;2;57082;3;100;3;2
2021;3;0;43;60000;2;82528;3;0;3;2
2021;1;0;22;52000;3;61467;3;100;3;0
2020;0;0;9;28250;2;36234;3;100;3;1
2020;1;0;16;41000;2;52588;3;0;3;2
2020;1;0;26;504000;9;54784;3;50;3;1
2021;0;0;7;28500;2;39200;3;50;3;0
2021;2;0;61;3800000;8;51389;6;100;3;0
2021;0;0;7;23500;2;32323;3;50;3;2
2021;1;0;8;38000;2;52267;3;100;3;0
2020;3;0;56;50000;2;64132;3;100;3;2
2021;2;0;19;142000;2;195316;3;100;3;2
2020;0;0;10;35000;2;44892;3;100;3;2
2020;3;0;8;75000;2;96198;3;100;3;1
2020;3;1;7;150000;2;192396;3;100;3;2
2020;1;0;7;49100;9;5337;3;0;3;2
2021;3;0;9;90000;2;123792;3;50;3;2
2020;3;0;47;85000;2;109024;3;100;3;1
2020;3;0;7;80000;2;102611;3;50;3;2
2020;1;0;14;356000;2;456621;3;100;3;2
2021;3;0;12;60000;2;82528;3;50;3;2
2021;1;0;16;42000;2;57769;3;100;3;2
2021;0;35;17;330000;19;11812;4;50;4;0
2022;3;0;14;60000;3;64955;5;50;5;1
2021;1;0;39;45000;3;53192;5;100;5;2
2022;3;0;12;57000;3;61707;5;100;5;2
2022;1;0;26;65000;3;70368;5;50;5;2
2021;3;0;43;110000;3;130026;5;100;5;2
2021;0;0;7;75000;3;88654;5;100;5;2
2021;1;0;19;40000;0;40000;5;50;5;2
2020;1;1;9;40000;3;45618;5;50;5;0
2020;3;35;12;45000;3;51321;35;100;5;1
2021;1;0;9;140000;3;165488;5;50;5;2
2021;3;0;26;75000;3;88654;5;50;5;0
2021;3;0;26;51000;3;60284;5;50;5;1
2021;3;0;14;49000;3;57920;5;50;5;0
2020;0;0;7;450000;8;6072;6;50;6;2
2022;0;0;32;500000;8;6522;6;100;6;2
2021;0;0;35;750000;8;10142;6;50;6;2
2022;1;0;80;1400000;8;18263;6;100;6;2
2022;1;0;10;410000;0;410000;6;100;6;2
2022;3;0;10;1500000;8;19568;6;0;6;0
2021;0;0;18;1200000;8;16228;6;0;6;2
2020;0;0;7;425000;8;5734;6;100;6;2
2021;1;0;32;1000000;8;13523;6;50;6;2
2021;3;0;12;3200000;8;43275;6;0;6;2
2021;1;0;7;3200000;8;43275;6;0;6;2
2021;1;0;18;3600000;8;48684;6;0;6;1
2021;1;0;18;1600000;8;21637;6;0;6;2
2021;0;0;63;836000;8;11305;6;50;6;2
2020;0;0;4;720000;8;9715;6;0;6;2
2021;0;0;8;320000;8;4327;6;50;6;0
2021;1;0;18;1000000;8;13523;6;50;6;1
2021;1;0;7;360000;8;4868;6;50;6;1
2020;0;0;7;320000;8;4318;6;0;6;2
2021;3;0;26;40000;0;40000;6;0;6;2
2020;0;0;16;240000;8;3238;6;0;6;1
2021;0;0;9;1000000;8;13523;6;50;6;1
2021;1;0;50;1500000;8;20285;6;0;6;1
2022;2;0;19;109000;3;118002;7;100;7;1
2022;3;0;28;120000;3;129910;7;50;7;2
2022;0;35;35;20000;3;21651;7;100;7;1
2022;0;0;7;45500;3;49257;7;50;7;0
2022;1;0;26;90000;3;97433;7;50;7;2
2021;0;0;75;45000;3;53192;7;100;7;0
2021;1;0;46;84000;3;99292;7;50;7;2
2022;2;0;19;102500;3;110965;7;100;7;1
2022;3;0;12;67000;3;72533;7;100;7;2
2021;1;0;8;55000;3;65013;7;100;7;1
2022;3;0;12;130000;3;140736;7;100;7;2
2021;0;0;8;42000;3;49646;7;50;7;2
2020;1;0;7;65000;3;74130;7;100;7;2
2021;1;0;9;69000;3;81562;7;50;7;2
2021;1;0;22;40200;3;47518;7;50;7;0
2021;1;0;7;55000;3;65013;35;100;7;0
2021;0;0;7;50400;3;59575;7;50;7;1
2021;0;0;7;45500;3;53783;7;0;7;2
2021;1;0;47;72000;3;85108;7;100;7;2
2021;0;35;8;50000;3;59102;7;100;7;0
2021;1;1;22;65000;3;76833;7;100;7;1
2021;0;0;14;45000;3;53192;7;50;7;1
2021;1;0;9;100000;3;118205;7;50;7;2
2021;3;0;21;80000;3;94564;7;100;7;2
2021;1;0;9;70000;3;82744;7;50;7;2
2020;1;0;12;120000;3;136856;7;50;7;2
2021;1;0;26;62000;3;73287;7;100;7;2
2021;1;0;7;51000;3;60284;7;100;7;1
2020;3;0;57;115000;3;131154;7;100;7;0
2020;0;0;8;56000;3;63866;7;50;7;0
2020;3;0;47;110000;3;125452;7;50;7;2
2020;1;0;10;63000;3;71849;7;0;7;2
2020;3;0;20;100000;3;114047;7;100;7;2
2022;2;0;19;300000;0;300000;8;50;8;2
2021;0;0;7;40000;0;40000;8;100;8;2
2022;3;0;10;126700;4;99397;9;100;9;2
2022;1;0;32;150000;4;117676;9;100;9;2
2022;3;0;9;210000;0;210000;9;100;9;1
2022;3;0;9;160000;0;160000;9;100;9;1
2022;0;0;1;63000;4;49424;9;100;9;0
2022;3;0;9;210000;0;210000;9;0;9;1
2022;3;0;9;160000;0;160000;9;0;9;1
2022;3;0;8;207500;0;207500;9;100;9;1
2022;3;0;8;125000;0;125000;9;100;9;1
2022;3;0;9;210000;0;210000;9;0;9;1
2022;3;0;9;160000;0;160000;9;0;9;1
2022;3;0;9;210000;0;210000;9;0;9;1
2022;3;0;9;160000;0;160000;9;0;9;1
2022;3;0;9;210000;0;210000;9;100;9;1
2022;3;0;9;160000;0;160000;9;100;9;1
2022;0;0;35;75000;4;58838;9;100;9;2
2022;1;0;12;115000;4;90218;9;100;9;2
2022;0;0;53;108000;4;84727;9;50;9;2
2022;0;0;79;71500;4;56092;9;0;9;2
2022;3;1;18;200000;0;200000;1;100;9;2
2022;0;0;20;70000;4;54915;9;100;9;2
2022;0;0;42;52000;4;40794;9;100;9;2
2021;3;0;8;150000;0;150000;9;100;9;0
2022;3;0;23;120000;4;94141;9;100;9;2
2022;3;0;28;182000;4;142780;9;0;9;2
2022;3;0;28;130000;4;101986;9;0;9;2
2022;0;0;46;99000;0;99000;9;100;9;2
2021;1;0;7;60000;4;47857;9;50;9;2
2022;1;0;20;100000;4;78451;9;100;9;2
2022;1;0;20;100000;6;71432;9;100;9;2
2021;0;0;8;70000;0;70000;45;0;9;2
2021;3;0;7;95000;0;95000;0;100;9;2
2021;3;0;26;95000;4;75774;9;100;9;0
2021;1;0;8;80000;4;63810;9;100;9;2
2021;1;0;42;80000;4;63810;9;100;9;2
2021;2;0;19;300000;4;239287;9;50;9;0
2020;3;0;42;85000;4;63400;9;100;9;0
2021;3;0;9;150000;4;119643;9;100;9;1
2021;3;0;20;85000;4;67798;9;50;9;2
2021;3;0;12;140000;4;111667;9;50;9;1
2021;1;0;16;100000;4;79762;9;100;9;2
2021;1;0;8;95000;4;75774;9;100;9;2
2021;0;0;42;47000;4;37488;9;100;9;0
2021;2;0;47;170000;4;135596;9;50;9;2
2021;0;0;16;76000;4;60619;9;100;9;1
2021;3;0;7;99000;4;78965;9;100;9;2
2020;3;0;26;104000;4;77572;9;100;9;2
2021;0;0;42;76000;4;60619;9;100;9;1
2021;3;0;8;113500;4;90530;9;100;9;1
2021;3;0;8;126000;4;100500;9;50;9;2
2020;1;0;18;107000;4;79810;9;100;9;2
2022;0;0;42;85000;14;89676;10;50;10;2
2022;3;0;84;150000;0;150000;0;100;10;2
2022;0;0;79;50000;3;54129;10;50;10;1
2022;1;0;7;111000;0;111000;10;50;10;2
2021;3;0;16;200000;14;218742;10;100;10;2
2021;1;0;43;105000;14;114839;10;0;10;2
2020;1;0;7;83500;14;88981;10;100;10;2
2021;1;0;8;110000;14;120308;10;100;10;2
2020;2;0;29;175000;14;186487;10;0;10;2
2021;1;0;47;72121;14;78879;16;50;10;0
2021;1;0;32;130000;0;130000;10;50;10;2
2020;1;0;8;100000;14;106564;10;0;10;2
2021;3;0;20;155000;14;169525;10;100;10;2
2020;1;0;9;90000;0;90000;10;50;10;0
2022;1;0;85;450000;17;65475;11;50;11;2
2020;0;0;7;400000;17;61195;11;0;11;1
2020;1;0;8;432000;17;66091;11;50;11;2
2020;1;0;16;40000;2;51305;3;100;11;2
2020;1;0;51;420000;17;64255;11;0;11;2
2021;3;0;10;55000;0;55000;54;50;11;2
2022;2;0;64;50000;0;50000;12;100;12;1
2022;0;0;4;70000;6;50002;13;50;13;2
2022;1;0;9;170000;0;170000;13;0;13;1
2022;1;0;9;140000;0;140000;13;0;13;1
2022;1;0;9;160000;0;160000;13;0;13;1
2022;1;0;9;140000;0;140000;13;0;13;1
2021;3;0;48;150000;6;112575;13;100;13;2
2022;0;0;11;104000;6;74289;13;100;13;2
2020;1;1;19;150000;6;103310;13;0;13;1
2021;2;0;29;340000;6;255170;13;50;13;2
2021;1;0;12;162000;6;121581;13;100;13;2
2021;1;0;7;119000;0;119000;0;100;13;2
2020;1;0;9;120000;6;82648;13;50;13;2
2021;3;0;65;140000;6;105070;13;0;13;2
2021;3;0;49;155000;6;116327;13;0;13;2
2021;3;0;8;182000;6;136591;13;100;13;2
2020;1;0;26;105000;6;72317;13;0;13;2
2021;3;0;43;280000;0;280000;13;100;13;2
2021;3;0;26;230000;6;172615;13;0;13;0
2021;3;0;8;180000;6;135090;13;100;13;0
2021;0;0;10;75500;6;56662;13;100;13;1
2020;1;0;7;140000;6;96422;13;50;13;1
2022;1;0;31;40000;3;43303;14;50;14;2
2022;0;0;8;10000;0;10000;21;100;14;0
2021;3;0;41;85000;3;100474;14;100;14;2
2022;3;0;10;38000;3;41138;14;100;14;1
2021;3;0;51;85000;3;100474;14;100;14;2
2021;3;0;12;40000;3;47282;14;0;14;2
2021;3;0;64;55000;3;65013;14;100;14;2
2020;3;0;26;45000;3;51321;14;100;14;0
2020;3;0;17;62000;3;70709;14;100;14;2
2021;1;0;8;33000;3;39007;14;100;14;1
2020;3;0;47;55000;3;62726;14;0;14;2
2022;2;0;15;360000;0;360000;4;100;15;2
2021;0;0;7;12000;5;8929;15;0;15;1
2022;0;0;67;44000;0;44000;15;0;15;2
2021;2;0;26;120000;5;89294;15;100;15;0
2022;1;0;68;120000;3;129910;16;50;16;2
2022;1;0;9;140000;3;151562;16;100;16;1
2022;1;0;9;100000;3;108258;16;100;16;1
2022;1;0;28;120000;3;129910;16;100;16;1
2022;1;0;28;80000;3;86607;16;100;16;1
2022;1;0;80;75000;3;81194;16;100;16;2
2022;0;0;21;36500;3;39514;16;50;16;2
2022;0;0;25;41000;3;44386;16;0;16;2
2021;2;0;19;120000;3;141846;16;50;16;2
2021;3;0;26;39000;3;46100;16;0;16;2
2021;3;1;26;100000;0;100000;16;50;16;2
2021;3;0;33;60000;3;70923;16;50;16;2
2021;0;0;9;43000;3;50828;16;100;16;2
2021;1;0;18;50000;3;59102;16;100;16;2
2021;1;0;10;80000;3;94564;16;100;16;2
2020;1;0;14;52000;3;59304;16;100;16;2
2021;2;0;8;70000;3;82744;16;50;16;2
2021;3;0;10;56000;3;66195;16;50;16;0
2020;0;0;22;43000;3;49040;16;50;16;2
2021;0;0;25;25000;3;29551;17;100;17;0
2021;3;0;12;50000;3;59102;17;100;17;0
2022;2;0;19;250000;3;270647;17;50;17;2
2020;0;0;7;23000;3;26230;17;100;17;2
2021;1;0;10;35000;3;41372;17;50;17;2
2021;3;0;12;50000;3;59102;17;100;17;2
2020;1;0;26;26000;3;29652;17;50;17;1
2020;0;0;26;34000;3;38776;17;50;17;2
2022;0;0;8;5800;0;5800;19;0;19;2
2022;1;0;8;35620;3;38561;20;0;20;0
2022;3;0;18;42000;3;45468;20;100;20;2
2022;1;0;25;45000;0;45000;20;100;20;2
2022;0;0;8;2000;0;2000;20;50;20;1
2020;3;0;45;27000;0;27000;21;50;21;1
2021;3;0;19;90000;0;90000;21;50;21;2
2020;3;0;19;35000;0;35000;21;100;21;2
2022;1;0;10;10000;0;10000;22;50;22;1
2021;0;0;10;10200;0;10200;22;0;22;2
2021;0;0;18;80000;0;80000;23;0;23;0
2020;0;0;18;100000;0;100000;23;0;23;0
2022;2;0;19;48000;3;51964;24;0;24;1
2021;3;0;7;48000;3;56738;24;50;24;1
2021;1;0;22;36000;3;42554;24;100;24;2
2021;1;0;7;42900;3;50710;24;100;24;1
2021;2;0;43;50000;0;50000;25;50;25;2
2022;3;0;77;61000;0;61000;26;50;26;2
2021;1;0;24;10320000;8;34018;26;50;26;1
2022;1;0;22;2202;0;2202;27;0;27;2
2022;3;0;1;467000;16;23001;28;100;28;2
2022;3;0;3;480000;12;145499;29;50;29;1
2021;0;0;7;85000;0;85000;0;50;29;1
2021;3;0;17;384000;12;118903;29;50;29;2
2020;1;0;72;38000;3;43338;30;100;30;2
2021;3;0;47;100000;3;118205;30;100;30;2
2022;1;0;7;80000;3;86607;30;100;30;2
2020;1;0;7;60000;3;68428;30;50;30;2
2020;1;0;12;70000;3;79833;30;50;30;2
2022;3;0;45;20000;0;20000;31;0;31;2
2021;3;1;26;260000;11;67307;32;100;32;0
2021;3;0;8;264000;11;68342;32;100;32;2
2020;3;0;8;198000;11;50831;32;100;32;2
2021;0;0;46;200000;11;51774;32;0;32;2
2021;3;0;31;81000;0;81000;32;100;32;2
2022;1;0;9;72500;0;72500;0;100;34;2
2021;0;0;7;110000;0;110000;34;0;34;2
2021;0;0;42;32000;3;37825;35;100;35;2
2021;3;0;12;50500;3;59693;35;50;35;2
2020;3;0;60;55000;3;62726;35;100;35;2
2020;1;0;7;30000;3;34214;35;0;35;2
2020;3;0;9;47620;3;54309;35;50;35;2
2021;1;0;8;1740;3;2056;35;100;35;1
2021;3;0;9;50000;3;59102;35;100;35;2
2021;3;0;18;75000;0;75000;35;50;35;1
2022;3;0;12;100000;2;128308;3;100;37;2
2021;3;0;45;71500;2;98346;3;100;37;2
2022;1;0;14;700000;15;75658;37;50;37;2
2022;1;0;8;42000;0;42000;38;50;38;2
2022;3;0;72;500000000;18;34432;39;100;39;2
2021;1;0;26;54000;3;63831;40;50;40;1
2021;0;0;33;27000;3;31915;40;0;40;2
2021;0;0;7;100000;0;100000;42;100;42;1
2022;0;0;8;40000;3;43303;44;0;44;1
2022;0;0;8;25000;3;27064;44;0;44;1
2021;1;0;24;23000;3;27187;44;0;44;1
2021;0;0;24;16800;3;19858;44;50;44;1
2020;3;0;25;29950;3;34157;44;50;44;2
2021;0;0;42;65000;7;45950;46;0;46;1
2021;0;0;48;70000;7;49485;46;0;46;0
2021;3;0;45;190000;7;134317;46;50;46;2
2020;0;0;8;53000;7;34414;46;100;46;1
2021;3;0;8;180000;7;127248;46;50;46;0
2021;0;0;22;28800;3;34043;47;50;47;2
2020;3;0;43;72000;3;82114;47;0;47;1
2020;1;0;33;58000;3;66147;47;50;47;1
2021;1;0;7;648000;13;43824;48;100;48;2
2020;1;0;7;350000;13;21283;48;50;48;2
2020;3;0;26;900000;13;54727;48;100;48;2
2021;0;0;22;37000;3;43736;49;0;49;1
2021;3;0;24;70000;3;82744;49;100;49;0
2021;0;0;8;42000;3;49646;50;50;50;0
2021;1;0;42;12800;0;12800;51;100;51;1
2021;0;0;18;2000;0;2000;52;0;52;2
2020;3;0;59;100000;0;100000;53;0;53;2
2022;2;0;73;300000;0;300000;3;100;55;2
2021;1;0;32;100000;0;100000;41;50;55;2
2020;3;0;30;80000;0;80000;55;0;55;0
2020;3;0;20;200000;10;2764;55;0;55;2
2021;3;0;43;35000;0;35000;56;50;56;0
2022;3;0;3;300000;1;58624;1;100;57;2
2022;0;0;79;50000;0;50000;23;100;58;2
2021;3;0;7;80000;0;80000;6;50;59;2
2021;3;0;32;120000;4;95715;9;50;60;2
