year,month,city,plane,country
1931,feb,Arequipa,Ford Tri-Motor,Peru
1932,sep,Sao Joao de Meriti,Nyrba do Brasil,Brazil
1939,oct,Brookfield,Taylor Cub Monoplane,Missouri(US)
1942,july,N/A,Supermarine Splitfires,Malta
1948,july,Istanbul,Miss Macao,Turkey
1956,sep,Santa Cruz,Douglas DC-4,Bolivia
1958,april,Havana,Douglas DC-3,Cuba
1958,april,Miami,Douglas DC-3,Miami-Dade
1958,april,Miami,Douglas DC-3,Miami-Dade
1958,oct,N/A," Cubana airlines,flight 266",Cuba
1958,nov,Vaeadero,Vickers Viscount,Cuba
1958,nov,N/A,Douglas DC-3,Cuba
1959,april,N/A,COHATA DC-3,Cuba
1959,april,Miami,N/A,Cuba
1959,april,N/A,Curtiss C-46 Commando,US
1959,april,Key West,N/A,US
1959,Oct,Santiago de Cuba,Cubana de Aviaci�n,Cuba
1960,july,Darwin,Trans-Australian Airlines Flight 408,Australia
1960,july,Miami,Bristol type 175 britannia,Miami-Dade
1960,oct,Key West,"Cubana Flight 905,DC-3",US
1960,Dec,Cienfuegos,Cubana Aircraft,US
1961,Jan,New York City,Cubana Bristol Britannia 318,New York State
1961,may,Marathon,Convair 440,Cuba
1961,july,Miami,Cubana DC-13,Cuba
1961,july,N/A,Lockheed L-188 Electra,Cuba
1961,july,N/A,"Pacific Airline Flight 327,a DC-3",Cuba
1961,Aug,El Paso,"Continental Air Lines,Flight 54,a Boeing 707",Texes
1961,Aug,N/A,"Pan Am Flight 501,a DC-8",Cuba
1965,oct,Havana,"National Air Lines Flight 209,a L-188 Electra",Cuba
1965,nov,N/A,"National Air Lines Flight 30,a DC-8 ",Cuba
1966,march,Santiago de Cuba,Cubana IIYUSHIN II-18 (CU-T831),Cuba
1967,Aug,N/A,Aerocondor C-54(HK-757),Cuba
1967,sep,N/A,Avianca C-47(HK-101),Cuba
1967,nov,Hollywood,Piper PA-23,Florida
1968,feb,Marathon,N/A,Florida
1968,feb,Tampa,"Delta Air Lines Flight843,a DC-8",Florida
1968,march,Santiago,Avianca C-54(HK-136),Cuba
1968,march,Tampa,"National Airlines Flight 28,a DC-8",Cuba
1968,march,N/A,AVENSA Convair 440,Cuba
1968,june,Santiago,VIASA DC-9,Cuba
1968,june,N/A,"Southeast Airlines,Flight 101",Cuba
1968,july,N/A,"Northwest Airlines Orient ,Flight 714,a Boeing Boeing 727",Cuba
1968,july,Key West,Cessna 210,Florida
1968,july,N/A,"National Airlines Flight 1064,a DC-8",Cuba
1968,Aug,Naples,Cessna 182,Florida
1968,Aug,Nassau,Cessna 336,Bahamas
1968,sep,N/A,"Eastern Air Lines Flight 950,a Boeing 720",Cuba
1968,sep,N/A,Boeing Boeing 727,cuba
1968,sep,N/A,"Avianca Flight 654,a C-54",Cuba
1968,oct,N/A,Hawker Siddeley HS 748,Cuba
1968,oct,Key West,Cessna 177,Cuba
1968,nov,N/A,"National Airlines Flight 186,a Boeing Boeing 727",cuba
1968,nov,N/A,Mexicana de Aviacion DC-6,Cuba
1968,nov,N/A,Boeing Boeing 727,Cuba
1968,nov,N/A,Boeing 707,Cuba
1968,nov,N/A,Boeing 720,Cuba
1968,Dec,N/A,Boeing Boeing 727,Cuba
1968,Dec,N/A,DC-8,Cuba
1968,july,N/A,El Al Flight 426,Palestine
1969,Jan,N/A,Boeing Boeing 727,Cuba
1969,Jan,Jacksonville,BoeingBoeing 727,Florida
1969,Jan,N/A,Convair 880,Cuba
1969,Jan,N/A,DC-8,Cuba
1969,Jan,Key West,Boeing Boeing 727,Cuba
1969,Jan,N/A,DC-8,Cuba
1969,Jan,N/A,DC-8,Cuba
1969,feb,N/A,N/A,Cuba
1969,feb,Newark,Boeing Boeing 727,New Jersey
1969,feb,N/A,DC-8,Cuba
1969,march,N/A,National Airlines plane,Cuba
1969,march,New Orleans,CV-880,Louisiana
1969,march,Havana,Delta Airlines Flight 821(DC-8),Cuba
1969,may,N/A,Boeing Boeing 727,Cuba
1969,may,N/A,Boeing Boeing 727,Cuba
1969,june,N/A,Boeing 707,Cuba
1969,june,Newark,DC-8,New Jersey
1969,june,N/A,DC-8,Cuba
1969,june,Baitimore,Boeing Boeing 727,US State of Maryland
1969,july,El Paso,DC-8,Texas
1969,july,N/A,Boeing Boeing 727,Cuba
1969,Aug,N/A,DC-9,Cuba
1969,Aug,Boston,Boeing Boeing 727,US
1969,sep,San Jaun,DC-8,US
1969,oct,N/A,DC-8,Cuba
1969,Dec,N/A,Boeing 727,Cuba
1970,feb,Newark,Boeing Boeing 727,New Jersey
1970,march,N/A,Boeing 727,Cuba
1970,april,N/A,N/A,Cuba
1970,may,N/A,Boeing 727,Cuba
1970,july,N/A,DC-8,Cuba
1970,Aug,N/A,"Pan Am Flight 229,a DC-8",Cuba
1970,Aug,N/A,DC-3,Cuba
1970,Aug,N/A,TWA Flight 134,US
1970,sep,N/A,Allegheny Airlines Boeing 727,Cuba
1970,oct,N/A,DC-8,Cuba
1970,nov,N/A,Boeing 727,Cuba
1970,nov,N/A,N/A,Cuba
1970,Dec,Albuquerque,DC-9,New Mexico(US)
1971,Aug,Karachi,Pakistan Air Force T-33,Pakistan
1971,Jan,N/A,Boeing 727,Cuba
1971,feb,N/A,DC-9,Cuba
1971,feb,N/A,Boeing 727,Cuba
1971,march,N/A,DC-8,Cuba
1971,april,N/A,Cessna 402,Cuba
1971,july,Cienfuegos,N/A,Cuba
1971,july,N/A,DC-8,Cuba
1971,sep,N/A,N/A,Cuba
1971,oct,N/A,Boeing 727,Cuba
1971,oct,N/A,Boeing 737,Cuba
1971,oct,N/A,American Airlines Boeing 747,US
1971,oct,Havana,Eastern Air Lines jet,Cuba
1971,nov,Havana,Republic of New Afrika,Cuba
1972,JAN,N/A,Boeing 727,Cuba
1972,march,N/A,Gramman G-73 ,Cuba
1972,march,Key West,Cessna 206,Cuba
1972,may,N/A,Boeing 737,Cuba
1972,Oct,N/A,N/A,Cuba
1972,nov,Birmingham,Southern Airways Flight 49,State of ALABAMA(US)
1974,Dec,N/A,Piper Seneca,Cuba
1978,march,N/A,United Flight 696,Cuba
1980,Jan,Havana,Delta Airlines ,Cuba
1984,march,N/A,Piedmont Airlines,Florida
1984,Dec,N/A,American Airlines DC-10,Virgin Islands (US)
1987,march,N/A,Antonov 24RV,Cuba
1988,,N/A,Pan Am Flight 103,Scotland
1994,Dec,Algiers,Air France Flight 8969,Algeria
1995,june,N/A,All Nippon Flight 857,
1996,oct,Lagos,Topolev Tu-154,Nigeria
1999,april,Bucaramanga,Fokker 50 Flight 9463(Avianca),"Santander,Colombia"
2001,sep,New York City,"United Airlines Flight 175,American Airlines Flight 77 and United Airlines Flight 93",New York State
2006,,Istanbul,Turkish Airlines Flight 1476,Turkey
2012,june,Hotan,Tianjin Air Lines Flight GS7554,Xinjiang
2016,,N/A,EgyptAir Flight MS181,Egypt
