Input 1,Input 2,Input 3,Input 4,Input 5,Input 6,Input 7,Input 8,Input 9,Input 10,Input 11,Input 12,Input 13,Input 14,Input 15,Input 16,Input 17,Input 18,Input 19,Input 20,Input 21,Input 22,Input 23,Input 24,Input 25,Input 26,Input 27,Input 28,Input 29,Input 30,Input 31,Input 32,Input 33,Input 34,Input 35
1,0,1.0,-0.03365,1.0,0.00485,1.0,-0.12062,0.88965,0.01198,0.73082,0.05346,0.85443,0.00827,0.54591,0.00299,0.83775,-0.13644,0.75535,-0.0854,0.70887,-0.27502,0.43385,-0.12062,0.57528,-0.4022,0.58984,-0.22145,0.431,-0.17365,0.60436,-0.2418,0.56045,-0.38238,0
1,0,1.0,-0.45161,1.0,1.0,0.71216,-1.0,0.0,0.0,0.0,0.0,0.0,0.0,-1.0,0.14516,0.54094,-0.3933,-1.0,-0.54467,-0.69975,1.0,0.0,0.0,1.0,0.90695,0.51613,1.0,1.0,-0.20099,0.25682,1.0,-0.32382,1.0,1
1,0,0.02337,-0.00592,-0.09924,-0.11949,-0.00763,-0.11824,0.14706,0.06637,0.03786,-0.06302,0.0,0.0,-0.04572,-0.1554,-0.00343,-0.10196,-0.11575,-0.05414,0.01838,0.03669,0.01519,0.00888,0.03513,-0.01535,-0.0324,0.09223,-0.07859,0.00732,0.0,0.0,-0.00039,0.12011,1
1,0,0.97588,-0.10602,0.94601,-0.208,0.92806,-0.2835,0.85996,-0.27342,0.79766,-0.47929,0.78225,-0.50764,0.74628,-0.61436,0.57945,-0.68086,0.37852,-0.73641,0.36324,-0.76562,0.31898,-0.79753,0.22792,-0.81634,0.13659,-0.8251,0.04606,-0.82395,-0.04262,-0.81318,-0.13832,-0.80975,0
0,0,0.0,0.0,0.0,0.0,1.0,-1.0,0.0,0.0,-1.0,-1.0,0.0,0.0,0.0,0.0,1.0,1.0,-1.0,-1.0,0.0,0.0,0.0,0.0,1.0,1.0,1.0,1.0,0.0,0.0,1.0,1.0,0.0,0.0,1
1,0,0.96355,-0.07198,1.0,-0.14333,1.0,-0.21313,1.0,-0.36174,0.9257,-0.43569,0.9451,-0.40668,0.90392,-0.46381,0.98305,-0.35257,0.84537,-0.6602,0.75346,-0.60589,0.69637,-0.64225,0.85106,-0.6544,0.57577,-0.69712,0.25435,-0.63919,0.45114,-0.72779,0.38895,-0.7342,0
1,0,1.0,0.06655,1.0,-0.18388,1.0,-0.2732,1.0,-0.43107,1.0,-0.41349,0.96232,-0.51874,0.90711,-0.59017,0.8923,-0.66474,0.69876,-0.70997,0.70645,-0.7632,0.63081,-0.80544,0.55867,-0.89128,0.47211,-0.865,0.40303,-0.83675,0.30996,-0.89093,0.22995,-0.89158,0
1,0,1.0,-0.5421,1.0,-1.0,1.0,-1.0,1.0,0.36217,1.0,-0.41119,1.0,1.0,1.0,-1.0,1.0,-0.29354,1.0,-0.93599,1.0,1.0,1.0,1.0,1.0,-0.40888,1.0,-0.62745,1.0,-1.0,1.0,-1.0,1.0,-1.0,1
1,0,1.0,-0.86701,1.0,0.2228,0.85492,-0.39896,1.0,-0.1209,1.0,0.35147,1.0,0.07772,1.0,-0.14767,1.0,-1.0,1.0,-1.0,0.61831,0.15803,1.0,0.62349,1.0,-0.17012,1.0,0.35924,1.0,-0.66494,1.0,0.88428,1.0,-0.18826,1
1,0,0.50932,-0.93996,1.0,0.26708,-0.0352,-1.0,1.0,-1.0,0.43685,-1.0,0.0,0.0,-1.0,-0.34265,-0.37681,0.03623,1.0,-1.0,0.0,0.0,0.0,0.0,-0.16253,0.92236,0.39752,0.26501,0.0,0.0,1.0,0.23188,0.0,0.0,1
1,0,0.99645,0.06468,1.0,-0.01236,0.97811,0.02498,0.96112,0.02312,0.99274,0.07808,0.89323,0.10346,0.94212,0.05269,0.88809,0.1112,0.86104,0.08631,0.81633,0.1183,0.83668,0.14442,0.81329,0.13412,0.79476,0.13638,0.7911,0.15379,0.77122,0.1593,0.70941,0.12015,0
0,0,0.0,0.0,-1.0,-1.0,1.0,1.0,-1.0,1.0,-1.0,1.0,1.0,-1.0,1.0,1.0,-1.0,-1.0,-1.0,1.0,1.0,-1.0,-1.0,1.0,-1.0,1.0,1.0,-1.0,-1.0,1.0,-1.0,-1.0,1.0,-1.0,1
0,0,1.0,-1.0,0.0,0.0,0.0,0.0,1.0,1.0,1.0,-1.0,-0.71875,1.0,0.0,0.0,-1.0,1.0,1.0,1.0,-1.0,1.0,1.0,0.5625,-1.0,1.0,1.0,1.0,1.0,-1.0,1.0,1.0,1.0,1.0,1
0,0,1.0,1.0,0.0,0.0,0.0,0.0,-1.0,-1.0,0.0,0.0,0.0,0.0,-1.0,-1.0,-1.0,-1.0,-1.0,1.0,-1.0,1.0,0.0,0.0,0.0,0.0,1.0,-1.0,-1.0,1.0,-1.0,1.0,-1.0,1.0,1
1,0,0.96071,0.07088,1.0,0.04296,1.0,0.09313,0.90169,-0.05144,0.89263,0.0258,0.8325,-0.06142,0.87534,0.09831,0.76544,0.0028,0.75206,-0.05295,0.65961,-0.07905,0.64158,-0.05929,0.55677,-0.07705,0.58051,-0.02205,0.49664,-0.01251,0.5131,-0.00015,0.52099,-0.00182,0
0,0,-1.0,1.0,0.0,0.0,0.0,0.0,-1.0,1.0,1.0,1.0,0.0,0.0,0.0,0.0,1.0,-1.0,-1.0,1.0,1.0,1.0,0.0,0.0,-1.0,-1.0,1.0,-1.0,1.0,1.0,-1.0,1.0,0.0,0.0,1
1,0,1.0,0.0838,1.0,0.17387,1.0,-0.13308,0.98172,0.6452,1.0,0.47904,1.0,0.59113,1.0,0.70758,1.0,0.82777,1.0,0.95099,1.0,1.0,0.98042,1.0,0.91624,1.0,0.83899,1.0,0.74822,1.0,0.64358,1.0,0.52479,1.0,0
1,0,1.0,-0.14236,1.0,-0.16256,1.0,-0.23656,1.0,-0.07514,1.0,-0.2501,1.0,-0.26161,1.0,-0.21975,1.0,-0.38606,1.0,-0.46162,1.0,-0.35519,1.0,-0.59661,1.0,-0.47643,0.9882,-0.49687,1.0,-0.7582,1.0,-0.75761,1.0,-0.84437,0
1,0,1.0,-1.0,1.0,1.0,1.0,-1.0,1.0,-1.0,1.0,-1.0,1.0,-0.0184,1.0,-1.0,1.0,1.0,1.0,-0.85583,1.0,1.0,1.0,-1.0,0.0,0.0,1.0,1.0,1.0,-0.79141,1.0,1.0,1.0,1.0,1
1,0,0.71253,-0.02595,0.41287,-0.23067,0.98019,-0.09473,0.99709,-0.10236,1.0,-0.10951,0.58965,1.0,0.83726,-1.0,0.8227,-0.17863,0.8076,-0.28257,-0.25914,0.9273,0.51933,0.05456,0.65493,-0.20392,0.93124,-0.41307,0.63811,-0.21901,0.86136,-0.87354,-0.23186,-1.0,1
1,0,0.66161,-1.0,1.0,1.0,1.0,-0.67321,0.80893,-0.40446,1.0,-1.0,1.0,-0.89375,1.0,0.73393,0.17589,0.70982,1.0,0.78036,1.0,0.85268,1.0,-1.0,1.0,0.85357,1.0,-0.08571,0.95982,-0.3625,1.0,0.65268,1.0,0.34732,1
1,0,1.0,0.02461,0.99672,0.04861,0.97545,0.07143,0.61745,-1.0,0.91036,0.11147,0.88462,0.5364,0.82077,0.14137,0.76929,0.15189,1.0,0.41003,0.6585,0.16371,0.60138,0.16516,0.54446,0.1639,0.48867,0.16019,0.43481,0.15436,0.38352,0.14677,1.0,1.0,1
1,0,1.0,0.06538,1.0,0.20746,1.0,0.26281,0.93051,0.32213,0.86773,0.39039,0.75474,0.50082,0.79555,0.52321,0.65954,0.60756,0.57619,0.62999,0.47807,0.67135,0.40553,0.6884,0.34384,0.72082,0.27712,0.72386,0.19296,0.70682,0.11372,0.72688,0.0699,0.71444,0
1,0,-0.64286,-1.0,1.0,0.82857,1.0,-1.0,1.0,-0.23393,1.0,0.96161,1.0,-0.37679,1.0,-1.0,1.0,0.13839,1.0,-1.0,1.0,-0.03393,-0.84286,1.0,0.5375,0.85714,1.0,1.0,1.0,-1.0,1.0,-1.0,1.0,-1.0,1
1,0,1.0,-0.0373,1.0,-0.07383,0.99601,-0.11039,0.99838,-0.09931,0.98941,-0.13814,0.96674,-0.21695,0.95288,-0.25099,0.91236,-0.344,0.90581,-0.32152,0.89991,-0.34691,0.87874,-0.37643,0.86213,-0.4299,0.83172,-0.43122,0.81433,-0.42593,0.77919,-0.47977,0.75115,-0.50152,0
1,0,0.94598,-0.02685,-1.0,0.26131,-0.36393,0.35639,0.69258,-0.63427,1.0,-0.03353,-0.2902,-0.0055,-0.54852,0.15452,0.91921,-0.4627,1.0,-0.50424,-0.29735,-0.31454,-0.73864,0.37361,0.83872,-0.46734,0.52208,-0.5813,1.0,-0.61393,-0.09634,0.20477,-0.06117,0.41913,1
1,0,0.98166,0.00874,0.98103,-0.03818,0.97565,-0.05699,0.95947,-0.06971,0.99004,-0.04507,0.94713,-0.11102,0.93369,-0.1279,0.94217,-0.11583,0.79682,-0.192,0.88274,-0.17387,0.86257,-0.18739,0.88487,-0.19689,0.81813,-0.21136,0.78546,-0.23864,0.76911,-0.23095,0.74323,-0.23902,0
1,0,0.84134,-0.18362,0.43644,0.02919,0.93421,-0.00267,0.87947,0.13795,0.81121,-0.01789,0.88559,0.54991,0.91714,-0.57486,0.75,-0.2952,0.86676,-0.20104,1.0,1.0,0.4661,-0.1629,0.90066,-0.02778,0.93358,-0.01158,0.61582,-0.32298,0.84463,-0.25706,0.93323,-0.01425,0
0,0,1.0,1.0,1.0,-1.0,0.0,0.0,0.0,0.0,1.0,1.0,1.0,1.0,-1.0,-1.0,1.0,-1.0,-1.0,1.0,0.0,0.0,1.0,-1.0,1.0,-1.0,1.0,1.0,-1.0,-1.0,0.0,0.0,0.0,0.0,1
1,0,1.0,1.0,1.0,1.0,0.9101,1.0,-0.2697,1.0,-0.83152,1.0,-1.0,1.0,-1.0,0.72526,-1.0,-0.57779,-1.0,-0.42052,-1.0,-1.0,-0.52838,-1.0,0.90014,-1.0,1.0,-1.0,1.0,-1.0,1.0,-0.34686,1.0,0.34845,0
1,0,0.95659,0.08143,0.97487,-0.05667,0.97165,-0.08484,0.96097,-0.06561,0.94717,0.01279,0.95436,-0.16795,0.94612,-0.19497,0.9963,-0.32268,0.90343,-0.35902,0.91428,-0.27316,0.9014,-0.29807,0.99899,-0.40747,0.87244,-0.34586,0.92059,-0.30619,0.83951,-0.39061,0.82166,-0.41173,0
1,0,0.08333,-0.20685,-1.0,1.0,-1.0,1.0,0.71875,0.47173,-0.82143,-0.62723,-1.0,-1.0,-1.0,1.0,-0.02753,0.59152,-0.42113,-0.42113,-0.74628,-1.0,-1.0,-0.46801,-1.0,0.2381,1.0,-1.0,-1.0,-0.38914,-1.0,-1.0,-1.0,0.61458,1
1,0,1.0,-0.02259,1.0,-0.04494,1.0,-0.06682,1.0,-0.08799,1.0,0.56173,1.0,-0.12738,1.0,-0.14522,1.0,0.32407,1.0,-0.17639,0.99484,-0.18949,0.95601,-0.20081,1.0,-0.92284,0.8728,-0.21793,0.8292,-0.2237,0.78479,-0.22765,0.73992,-0.22981,0
1,0,1.0,0.05812,0.94525,0.07418,0.99952,0.13231,1.0,-0.01911,0.94846,0.07033,0.95713,0.14644,0.94862,0.11224,0.90896,0.20119,0.96741,0.16265,0.99695,0.14258,0.90784,0.1641,0.91667,0.22431,0.88423,0.23571,0.88568,0.22511,0.78324,0.29576,0.83574,0.31166,0
1,0,0.17188,-1.0,-1.0,1.0,0.0,0.0,0.0,0.0,-1.0,1.0,0.0,0.0,-0.61354,-0.67708,0.80521,0.36146,0.51979,0.14375,0.0,0.0,-1.0,-0.27083,-0.84792,0.9625,1.0,1.0,-1.0,0.67708,0.0,0.0,0.0,0.0,1
1,0,1.0,0.09771,1.0,0.12197,1.0,0.22574,0.98602,0.09237,0.9493,0.19211,0.92992,0.24288,0.89241,0.28343,0.85529,0.26721,0.83656,0.33129,0.83393,0.31698,0.74829,0.39597,0.76193,0.34658,0.68452,0.42746,0.62764,0.46031,0.56791,0.47033,0.54252,0.50903,0
1,0,1.0,-0.41457,1.0,0.76131,0.8706,0.18593,1.0,-0.09925,0.93844,0.4799,0.65452,-0.1608,1.0,0.00879,0.97613,-0.50126,0.80025,-0.24497,0.88065,-0.19095,1.0,-0.12312,0.93593,0.10678,0.9289,-0.07249,1.0,-0.27387,0.4397,0.19849,0.51382,-0.05402,0
1,0,0.84783,0.10598,1.0,0.3913,1.0,-1.0,0.66938,0.08424,1.0,0.27038,1.0,0.60598,1.0,0.35507,1.0,0.02672,0.58424,-0.43025,1.0,0.63496,0.8913,0.26585,0.91033,-0.33333,1.0,0.15942,0.37681,-0.01947,1.0,0.22464,1.0,0.37409,1
0,0,1.0,-1.0,1.0,-1.0,1.0,-1.0,1.0,-1.0,1.0,1.0,1.0,1.0,1.0,-1.0,1.0,1.0,1.0,1.0,1.0,1.0,1.0,-1.0,1.0,-1.0,1.0,-1.0,1.0,0.65625,0.0,0.0,1.0,-1.0,1
1,0,1.0,0.67784,0.81309,0.82021,0.43019,1.0,0.20619,0.80541,-0.43872,1.0,-0.79135,0.77092,-1.0,0.40268,-0.39046,-0.58634,-0.97907,-0.42822,-0.73083,-0.76339,-0.37671,-0.97491,0.41366,-1.0,0.41778,-0.93296,0.25773,-1.0,0.9357,-0.35222,0.98816,0.03446,0
1,0,1.0,0.03529,1.0,0.18281,1.0,0.26968,1.0,0.25068,1.0,0.28778,1.0,0.38643,1.0,0.31674,1.0,0.65701,1.0,0.53846,1.0,0.61267,1.0,0.59457,0.89593,0.68326,0.89502,0.71374,0.85611,0.67149,0.74389,0.85611,0.71493,0.75837,0
0,0,1.0,-1.0,1.0,1.0,-1.0,-1.0,1.0,-1.0,0.0,0.0,0.0,0.0,-1.0,1.0,1.0,-1.0,1.0,-1.0,-0.75,1.0,1.0,-1.0,1.0,-1.0,1.0,-1.0,-1.0,-1.0,0.0,0.0,1.0,-1.0,1
1,0,0.96087,0.0862,0.9676,0.19279,0.96026,0.27451,0.98044,0.35052,0.92867,0.46281,0.86265,0.52517,0.8282,0.58794,0.73242,0.69065,0.69003,0.7314,0.54473,0.6882,0.48339,0.76197,0.40615,0.74689,0.33401,0.83796,0.24944,0.86061,0.13756,0.86835,0.09048,0.86285,0
1,0,0.69444,0.38889,0.0,0.0,-0.32937,0.69841,0.0,0.0,0.0,0.0,0.0,0.0,0.20635,-0.24206,0.21032,0.19444,0.46429,0.78175,0.0,0.0,0.0,0.0,0.73413,0.27381,0.7619,0.63492,0.0,0.0,0.0,0.0,0.0,0.0,1
1,0,1.0,0.0507,1.0,0.10827,1.0,0.19498,1.0,0.28453,1.0,0.34826,1.0,0.38261,0.94575,0.42881,0.89126,0.50391,0.75906,0.58801,0.80644,0.59962,0.79578,0.62758,0.66643,0.63942,0.59417,0.69435,0.49538,0.72684,0.47027,0.71689,0.33381,0.75243,0
1,0,1.0,0.04078,1.0,0.11982,1.0,0.16159,1.0,0.27921,0.98703,0.30889,0.92745,0.37639,0.91118,0.39749,0.81939,0.46059,0.78619,0.46994,0.794,0.56282,0.70331,0.58129,0.67077,0.59723,0.58903,0.6099,0.53952,0.60932,0.45312,0.63636,0.40442,0.62658,0
0,0,1.0,1.0,1.0,-1.0,1.0,1.0,1.0,1.0,1.0,1.0,1.0,1.0,1.0,1.0,1.0,-1.0,-1.0,1.0,-1.0,1.0,-1.0,1.0,1.0,-1.0,1.0,1.0,-1.0,1.0,-1.0,-1.0,-1.0,1.0,1
1,0,1.0,-0.06604,1.0,0.62937,1.0,0.09557,1.0,0.2028,1.0,-1.0,1.0,-0.40559,1.0,-0.15851,1.0,0.04895,1.0,-0.61538,1.0,-0.26573,1.0,-1.0,1.0,-0.58042,1.0,-0.81372,1.0,-1.0,1.0,-0.78555,1.0,-0.48252,0
1,0,0.92277,0.07804,0.92679,0.16251,0.89702,0.24618,0.84111,0.35197,0.78801,0.42196,0.70716,0.46983,0.70796,0.56476,0.60459,0.642,0.51247,0.64924,0.39903,0.66975,0.34232,0.68343,0.23693,0.76146,0.18765,0.73885,0.09694,0.71038,0.02735,0.77072,-0.04023,0.69509,0
1,0,0.68198,-0.17314,0.82332,0.21908,0.46643,0.32862,0.25795,0.58304,1.0,-0.15194,0.0106,0.44523,0.0106,0.38869,0.18681,0.41168,0.10567,0.36353,0.04325,0.30745,-0.00083,0.24936,-0.02862,0.19405,-0.04314,0.14481,-0.04779,0.10349,-0.04585,0.07064,-0.04013,0.04586,1
1,0,0.74852,-0.02811,0.6568,-0.05178,0.80621,0.02811,0.85947,0.02515,0.63462,0.08728,0.71598,0.0784,0.73077,0.05178,0.7855,-0.27811,0.65976,-0.01479,0.78698,0.06953,0.34615,-0.18639,0.65385,0.02811,0.61009,-0.06637,0.5355,-0.21154,0.59024,-0.14053,0.56361,0.02959,0
1,0,0.39179,-0.06343,0.97464,0.04328,1.0,1.0,0.35821,0.15299,0.54478,0.1306,0.61567,-0.8209,0.57836,0.6791,0.66791,-0.10448,0.46642,-0.11567,0.65574,0.14792,0.83209,0.45522,0.47015,0.16418,0.49309,0.1463,0.32463,-0.02612,0.39118,0.13521,0.34411,0.12755,1
1,0,0.67547,0.04528,0.76981,-0.10566,0.77358,0.03774,0.66038,-0.04528,0.64528,0.01132,0.66792,-0.13962,0.72075,-0.02264,0.76981,0.08679,0.61887,-0.07925,0.75849,-0.23774,0.73962,-0.14717,0.84906,-0.15094,0.73886,-0.05801,0.66792,0.02264,0.86415,0.03774,0.73208,0.00755,0
1,0,0.72727,-0.05,0.89241,0.03462,1.0,0.72727,0.66364,-0.05909,0.48182,-0.16818,0.81809,0.09559,0.56818,1.0,0.50455,0.21818,0.66818,0.1,1.0,-0.3,0.98636,-1.0,0.57273,0.32727,0.56982,0.14673,0.42273,0.08182,0.48927,0.14643,1.0,1.0,1
1,0,0.57647,-0.01569,0.40392,0.0,0.38431,0.12941,0.4,-0.05882,0.56471,0.14118,0.46667,0.08235,0.52549,-0.0549,0.58039,0.01569,0.50196,0.0,0.45882,0.06667,0.58039,0.08235,0.49804,0.00392,0.48601,0.10039,0.46275,0.08235,0.45098,0.23529,0.43137,0.17255,0
1,0,0.41932,0.12482,0.35,0.125,0.23182,0.27955,-0.03636,0.44318,0.04517,0.36194,-0.19091,0.33636,-0.1335,0.27322,0.02727,0.40455,-0.34773,0.12727,-0.20028,0.05078,-0.18636,0.36364,-0.14003,-0.04802,-0.09971,-0.07114,-1.0,-1.0,-0.02916,-0.07464,-0.00526,-0.06314,1
1,0,0.88305,-0.21996,1.0,0.36373,0.82403,0.19206,0.85086,0.05901,0.90558,-0.04292,0.85193,0.25,0.77897,0.25322,0.69206,0.5794,0.7103,0.39056,0.73176,0.27575,1.0,0.34871,0.5676,0.52039,0.69811,0.53235,0.80901,0.58584,0.43026,0.70923,0.52361,0.54185,0
1,0,0.84557,-0.0858,-0.31745,-0.80553,-0.08961,-0.56435,0.80648,0.04576,0.89514,-0.00763,-0.18494,0.63966,-0.20019,-0.68065,0.85701,-0.11344,0.77979,-0.15729,-0.06959,0.5081,-0.34128,0.80934,0.78932,-0.03718,0.70882,-0.25288,0.77884,-0.14109,-0.21354,-0.7817,-0.18494,-0.59867,1
1,0,0.7087,-0.24783,0.64348,0.04348,0.45217,0.38261,0.65217,0.18261,0.5,0.26957,0.57826,-0.23043,0.50435,0.37826,0.38696,-0.42609,0.36087,-0.26087,0.26957,0.11739,0.53246,-0.03845,0.31304,-0.12174,0.4993,-0.04264,0.48348,-0.04448,0.64348,-0.25217,0.50435,0.14783,0
1,0,-0.5418,0.14861,-0.33746,0.73375,0.52012,-0.13932,0.31889,-0.06811,0.20743,-0.1517,0.47368,0.08978,0.56347,-0.1548,0.16409,0.45201,0.33746,0.03406,0.50464,0.07121,-0.63777,-0.6161,1.0,0.65635,0.41348,-0.40116,-0.1517,0.11146,0.02399,0.5582,0.52632,-0.08978,1
1,0,0.79157,0.16851,0.0,0.0,0.56541,0.06874,0.39468,1.0,0.38359,0.99557,-0.02439,0.53215,0.23725,0.1286,-0.02661,0.95122,-0.50998,0.84922,-0.102,0.38803,-0.42572,0.23725,-0.91574,0.8071,-0.34146,0.88248,-1.0,0.69401,-1.0,0.1286,0.0,0.0,1
1,0,0.97714,0.19049,0.82683,0.46259,0.71771,0.58732,0.47968,0.84278,0.31409,0.92643,0.10289,0.93945,-0.13254,0.8429,-0.3202,0.91624,-0.52145,0.79525,-0.68274,0.49508,-0.77408,0.33537,-0.85376,0.17849,-0.83314,-0.01358,-0.82366,-0.19321,-0.67289,-0.33662,-0.59943,-0.497,0
1,0,0.74084,0.04974,0.79074,0.02543,0.78575,0.03793,0.6623,0.09948,0.67801,0.31152,0.75934,0.07348,0.74695,0.08442,0.70681,-0.07853,0.63613,0.0,0.70021,0.11355,0.68183,0.12185,0.67016,0.15445,0.64158,0.13608,0.65707,0.17539,0.59759,0.14697,0.57455,0.15114,0
0,0,0.0,0.0,0.0,0.0,0.0,0.0,0.0,0.0,0.0,0.0,0.0,0.0,0.0,0.0,0.0,0.0,0.0,0.0,0.0,0.0,0.0,0.0,0.0,0.0,1.0,-1.0,0.0,0.0,0.0,0.0,0.0,0.0,1
1,0,0.9449,-0.49311,1.0,-0.03692,0.98898,-0.87052,0.90083,0.66942,1.0,-0.10104,1.0,-0.12493,1.0,-0.15017,1.0,-0.17681,1.0,-0.20491,1.0,-0.23452,1.0,-0.26571,1.0,-0.29852,1.0,-0.33304,1.0,-0.36931,1.0,-0.4074,1.0,-0.44739,0
1,0,0.99449,0.00526,0.84082,-0.11313,0.88237,-0.16431,0.99061,-0.06257,0.96484,-0.07496,0.85221,0.02966,0.87161,-0.20848,0.93881,-0.12977,0.98298,-0.08935,0.89876,0.00075,0.87836,-0.05882,0.93368,-0.19872,0.87579,-0.17806,0.94294,-0.16581,0.80253,-0.25741,0.76586,-0.27794,0
1,0,0.10135,0.10811,0.0,0.0,0.0,0.0,0.5473,0.82432,0.31081,1.0,0.0,0.0,0.0,0.0,0.37162,-1.0,0.33108,-1.0,0.0,0.0,0.0,0.0,-0.42568,-1.0,1.0,-1.0,0.55405,-0.23649,0.0,0.0,0.0,0.0,1
1,0,1.0,-0.57224,0.9915,-0.73371,0.89518,-0.9745,1.0,-0.35818,1.0,-0.23229,0.6289,-0.86402,1.0,-0.57535,1.0,-0.79603,0.76771,-0.88952,0.96601,-1.0,0.7012,-0.74896,0.61946,-0.76904,0.53777,-0.77986,0.8102,-1.0,1.0,-1.0,0.30445,-0.76112,0
1,0,0.42,-0.61,0.0,0.0,1.0,-1.0,0.9,1.0,0.43,0.64,0.0,0.0,0.0,0.0,0.67,-0.29,0.84,-1.0,0.0,0.0,0.0,0.0,0.21,0.68,1.0,0.22,0.0,0.0,0.0,0.0,0.0,0.0,1
1,0,0.91353,0.81586,-0.72973,1.0,-0.39466,0.55735,0.05405,0.2973,-0.18599,-0.10241,-0.03158,-0.0897,0.01401,-0.03403,0.01108,-0.00537,0.00342,0.00097,0.00048,0.00075,-3e-05,0.00019,-3e-05,2e-05,-1e-05,0.0,0.0,0.0,0.0,0.0,0.0,0.0,1
1,0,0.21429,-0.09524,0.33333,0.07143,0.19048,0.19048,0.2381,0.09524,0.40476,0.02381,0.30952,-0.04762,0.30952,-0.04762,0.28571,-0.11905,0.33333,0.04762,0.30952,0.0,0.21429,-0.11905,0.35714,-0.04762,0.22109,-0.0229,0.19048,0.0,0.16997,-0.02034,0.14694,-0.01877,0
1,0,1.0,-0.14754,1.0,0.04918,0.57377,-0.01639,0.65574,0.01639,0.85246,-0.03279,0.72131,0.0,0.68852,-0.16393,0.19672,-0.14754,0.65558,-0.17176,0.67213,0.03279,1.0,-0.29508,0.31148,-0.34426,0.52385,-0.20325,0.32787,-0.03279,0.27869,-0.44262,0.4918,-0.06557,1
1,0,0.98182,0.0,0.88627,0.03131,0.86249,0.04572,0.8,0.0,0.69091,0.04545,0.79343,0.08436,0.77118,0.09579,0.62727,0.25455,0.68182,0.12727,0.70674,0.12608,0.68604,0.13493,0.74545,0.22727,0.64581,0.15088,0.67273,0.02727,0.60715,0.16465,0.5884,0.17077,0
1,0,0.39286,0.52381,-0.78824,0.11342,-0.16628,-0.76378,0.66667,0.0119,0.82143,0.40476,-0.6723,0.30729,-0.34797,-0.63668,0.46429,0.15476,0.54762,0.05952,-0.5183,0.44961,-0.47651,-0.47594,0.32143,0.70238,0.51971,0.38848,0.57143,0.39286,-0.54891,-0.29915,0.25441,-0.55837,1
1,0,0.86889,-0.07111,1.0,-0.02494,1.0,-0.06889,0.87778,0.00222,0.83556,-0.06444,1.0,-0.07287,1.0,-0.2,0.86889,0.05333,0.88,-0.03778,1.0,-0.11526,1.0,-0.18667,0.84444,0.03556,1.0,-0.14162,0.82222,-0.14667,1.0,-0.15609,1.0,-0.44222,0
1,0,0.43636,-0.12727,0.58182,-0.14545,0.18182,-0.67273,0.34545,-0.03636,0.29091,-0.05455,0.29091,0.29091,0.36364,-0.41818,0.2,-0.01818,0.36364,0.05455,0.12727,0.49091,0.61818,0.16364,0.32727,0.16364,0.41098,-0.07027,0.34545,-0.05455,0.12727,-0.36364,0.29091,-0.29091,1
1,0,1.0,-0.92453,1.0,0.75472,0.49057,-0.0566,0.62264,0.0,1.0,-0.00054,0.45283,0.07547,0.62264,-0.0566,0.98878,-0.00085,0.5283,0.0,0.5283,0.07547,0.9519,-0.00112,1.0,0.79245,0.92192,-0.00128,0.9434,-1.0,1.0,0.43396,0.43396,-0.11321,0
1,0,0.96933,0.00876,1.0,0.00843,0.98658,-0.00763,0.97868,-0.02844,0.9982,-0.0351,1.0,-0.01271,1.0,-0.02581,1.0,-0.01175,0.98485,0.00025,1.0,-0.02612,1.0,-0.04744,0.96019,-0.04527,0.99188,-0.03473,0.9702,-0.02478,1.0,-0.03855,0.9842,-0.04112,0
1,0,0.64122,0.01403,0.34146,-0.02439,0.52751,0.03466,0.19512,0.12195,0.43313,0.04755,0.21951,0.04878,0.29268,0.0,0.36585,0.0,0.31707,0.07317,0.26829,0.12195,0.23698,0.05813,0.21951,0.09756,0.19304,0.05641,0.1741,0.05504,0.19512,0.0,0.17073,0.07317,0
1,0,1.0,1.0,1.0,-1.0,0.0,0.0,0.0,0.0,1.0,1.0,1.0,-1.0,1.0,1.0,1.0,-1.0,0.0,0.0,0.0,0.0,1.0,-0.27778,0.0,0.0,1.0,-1.0,1.0,1.0,1.0,-1.0,0.0,0.0,1
1,0,0.34694,0.20408,0.46939,0.2449,0.40816,0.20408,0.46939,0.44898,0.30612,0.59184,0.12245,0.55102,0.0,0.5102,-0.06122,0.55102,-0.20408,0.55102,-0.28571,0.44898,-0.28571,0.32653,-0.61224,0.22449,-0.46579,0.14895,-0.59184,0.18367,-0.34694,0.0,-0.26531,-0.2449,0
1,0,0.0,0.0,1.0,-1.0,0.0,0.0,0.0,0.0,1.0,1.0,1.0,-0.25342,1.0,0.23288,1.0,-1.0,0.0,0.0,0.0,0.0,1.0,1.0,0.0,0.0,1.0,-1.0,0.0,0.0,1.0,-1.0,0.0,0.0,1
1,0,0.89706,0.38235,0.91176,0.375,0.74265,0.67647,0.45588,0.77941,0.19118,0.88971,-0.02206,0.86029,-0.20588,0.82353,-0.375,0.67647,-0.5,0.47794,-0.73529,0.38235,-0.86029,0.08824,-0.74265,-0.125,-0.67925,-0.24131,-0.55147,-0.42647,-0.44118,-0.50735,-0.28676,-0.56618,0
1,0,-1.0,0.28105,0.22222,0.15033,-0.75693,-0.70984,-0.30719,0.71242,-1.0,1.0,-0.81699,0.33987,-0.79085,-0.02614,-0.98039,-0.83007,-0.60131,-0.54248,-0.04575,-0.83007,0.94118,-0.94118,-1.0,-0.43137,0.74385,0.09176,-1.0,0.05229,0.18301,0.02614,-0.40201,-0.48241,1
1,0,0.95202,0.02254,0.93757,-0.01272,0.93526,0.01214,0.96705,-0.01734,0.96936,0.0052,0.95665,-0.03064,0.9526,-0.00405,0.9948,-0.02659,0.99769,0.01792,0.93584,-0.04971,0.93815,-0.0237,0.97052,-0.04451,0.96215,-0.01647,0.97399,0.01908,0.95434,-0.0341,0.95838,0.00809,0
1,0,0.31034,-0.10345,0.24138,-0.10345,0.2069,-0.06897,0.07405,-0.05431,0.03649,-0.03689,0.01707,-0.02383,0.00741,-0.01482,0.00281,-0.00893,0.00078,-0.00523,-3e-05,-0.00299,-0.00028,-0.00166,-0.00031,-0.0009,-0.00025,-0.00048,-0.00018,-0.00024,-0.00012,-0.00012,-8e-05,-6e-05,0
1,0,-0.65625,0.15625,0.0625,0.0,0.0,0.0625,0.625,0.0625,0.1875,0.0,-0.03125,0.09375,0.0625,0.0,0.15625,-0.15625,0.4375,-0.375,0.0,-0.09375,0.0,0.0,0.03125,-0.46875,0.03125,0.0,-0.71875,0.03125,-0.03125,0.0,0.0,0.09375,1
1,0,1.0,-0.01081,1.0,-0.02703,1.0,-0.06486,0.95135,-0.01622,0.98919,-0.03243,0.98919,0.08649,1.0,-0.06486,0.95135,0.09189,0.97838,-0.00541,1.0,0.06486,1.0,0.04324,0.97838,0.09189,0.98556,0.01251,1.0,-0.03243,1.0,0.02703,1.0,-0.07027,0
1,0,0.85271,0.05426,1.0,0.08069,1.0,1.0,0.91473,-0.00775,0.83721,0.03876,1.0,0.27153,1.0,1.0,0.81395,0.04651,0.90698,0.11628,1.0,0.5067,1.0,-1.0,0.8062,0.03876,1.0,0.71613,0.84496,0.06977,1.0,0.87317,1.0,1.0,1
1,0,-0.205,0.2875,0.23,0.1,0.2825,0.3175,0.3225,0.35,0.36285,-0.34617,0.0925,0.275,-0.095,0.21,-0.0875,0.235,-0.34187,0.31408,-0.48,-0.08,0.29908,0.33176,-0.58,-0.24,0.3219,-0.28475,-0.47,0.185,-0.27104,-0.31228,0.40445,0.0305,1
1,0,0.6,0.03333,0.63333,0.06667,0.7,0.06667,0.7,0.0,0.63333,0.0,0.8,0.0,0.73333,0.0,0.7,0.1,0.66667,0.1,0.73333,-0.03333,0.76667,0.0,0.63333,0.13333,0.65932,0.10168,0.6,0.13333,0.6,0.16667,0.63333,0.16667,0
1,0,0.05866,-0.00838,0.06704,0.00838,0.0,-0.01117,0.00559,-0.03911,0.01676,-0.07542,-0.00559,0.05307,0.06425,-0.03352,0.0,0.09497,-0.06425,0.07542,-0.04749,0.02514,0.02793,-0.00559,0.00838,0.00559,0.10335,-0.00838,0.03073,-0.00279,0.04469,0.0,0.04749,-0.03352,1
1,0,0.0546,0.01437,-0.02586,0.04598,0.01437,0.04598,-0.07759,0.00862,0.01724,-0.06609,-0.03736,0.0431,-0.08333,-0.04598,-0.09483,0.08046,-0.04023,0.05172,0.02011,0.02299,-0.03736,-0.01149,0.03161,-0.00862,0.00862,0.01724,0.02586,0.01149,0.02586,0.01149,-0.04598,-0.00575,1
1,0,0.4709,0.22751,0.42328,0.33598,0.25661,0.47619,0.01852,0.49471,-0.02116,0.53968,-0.34127,0.31217,-0.4127,0.3254,-0.51587,0.06878,-0.5,-0.1164,-0.14815,-0.1455,-0.14815,-0.38095,-0.2328,0.00265,0.03574,-0.31739,0.15873,-0.21693,0.24868,-0.24339,0.2672,0.04233,0
1,0,0.08696,0.00686,0.13959,-0.04119,0.10526,-0.08238,0.12586,-0.06178,0.23341,-0.01144,0.12357,0.0778,0.14645,-0.13501,0.29062,-0.04805,0.18993,0.07323,0.1167,0.0,0.11213,-0.00229,0.15103,-0.10297,0.08467,0.01373,0.11213,-0.06636,0.09611,-0.07323,0.1167,-0.06865,1
1,0,0.94333,0.38574,0.48263,0.64534,0.21572,0.77514,-0.55941,0.64899,-0.73675,0.42048,-0.76051,0.0,-0.62706,-0.31079,-0.38391,-0.62157,-0.12797,-0.69287,0.49909,-0.6362,0.71481,-0.3766,0.73857,-0.05484,0.60098,0.30384,0.45521,0.60512,0.02742,0.54479,-0.21572,0.50457,0
1,0,0.85736,0.00075,0.81927,-0.05676,0.77521,-0.04182,0.84317,0.09037,0.86258,0.11949,0.88051,-0.06124,0.78342,0.0351,0.83719,-0.06796,0.8357,-0.1419,0.88125,0.01195,0.90515,0.0224,0.79686,-0.01942,0.82383,-0.03678,0.88125,-0.06423,0.73936,-0.01942,0.79089,-0.09186,0
1,0,1.0,1.0,1.0,0.5125,0.625,-1.0,1.0,1.0,0.025,0.03125,1.0,1.0,0.0,0.0,1.0,-1.0,1.0,1.0,1.0,1.0,0.3125,1.0,1.0,1.0,1.0,1.0,1.0,1.0,-0.94375,1.0,0.0,0.0,1
1,0,0.0,0.0,-1.0,-1.0,-1.0,1.0,0.0,0.0,-1.0,1.0,1.0,1.0,1.0,-1.0,0.0,0.0,0.0,0.0,-1.0,-1.0,-1.0,1.0,1.0,0.4375,1.0,-1.0,0.0,0.0,-1.0,-1.0,-1.0,1.0,1
1,0,1.0,0.0,1.0,0.0,0.5,0.5,0.75,0.0,0.91201,0.12094,0.89067,0.1421,0.86922,0.16228,0.75,0.25,0.75,0.5,0.75,0.0,1.0,-0.25,0.5,0.5,0.73944,0.26388,0.75,0.25,0.69635,0.29074,0.67493,0.30293,0
0,0,-1.0,1.0,1.0,1.0,0.0,0.0,1.0,-1.0,1.0,-1.0,1.0,-1.0,-1.0,-1.0,0.0,0.0,-1.0,-1.0,0.0,0.0,0.0,0.0,-1.0,-1.0,1.0,-1.0,1.0,1.0,-1.0,-1.0,0.0,0.0,1
1,0,0.62121,-0.63636,0.0,0.0,0.0,0.0,0.3447,0.28788,0.42803,0.39394,-0.07576,0.51894,0.36364,0.31439,-0.53788,0.32955,0.12121,-0.14773,0.01894,-0.53409,-0.57576,0.17803,0.29167,-0.27273,0.25758,-0.57576,0.43182,0.24242,0.18182,-0.02273,0.17045,-0.41667,1
1,0,1.0,0.11765,1.0,0.23529,1.0,0.41176,1.0,0.05882,1.0,0.23529,1.0,0.11765,1.0,0.47059,1.0,-0.05882,1.0,-0.11765,1.0,0.35294,1.0,0.41176,1.0,-0.11765,1.0,0.20225,1.0,0.05882,1.0,0.35294,1.0,0.23529,0
1,0,0.0,0.0,-1.0,-0.62766,1.0,0.51064,0.07979,-0.23404,-1.0,-0.3617,0.12766,-0.59043,1.0,-1.0,0.0,0.0,0.82979,-0.07979,-0.25,1.0,0.17021,-0.70745,0.0,0.0,-0.19149,-0.46809,-0.2234,-0.48936,0.74468,0.90426,-0.67553,0.45745,1
1,0,0.1859,-0.16667,0.0,0.0,0.0,0.0,0.0,0.0,0.0,0.0,0.11538,-0.19071,0.0,0.0,0.0,0.0,0.0,0.0,0.0,0.0,-0.05128,-0.06571,0.07853,0.08974,0.17308,-0.10897,0.125,0.09615,0.02564,-0.04808,0.16827,0.19551,1
1,0,0.92247,-0.19448,0.96419,-0.17674,0.87024,-0.22602,0.81702,-0.2707,0.79271,-0.28909,0.70302,-0.49639,0.63338,-0.49967,0.37254,-0.70729,0.2707,-0.72109,0.40506,-0.54172,0.33509,-0.59691,0.1475,-0.63601,0.09312,-0.59589,-0.07162,-0.54928,-0.0184,-0.54074,-0.07457,-0.47898,0
1,0,1.0,1.0,0.0,0.0,1.0,-1.0,-1.0,-1.0,1.0,1.0,1.0,-1.0,0.0,0.0,1.0,-1.0,1.0,1.0,0.0,0.0,1.0,-1.0,-1.0,-1.0,1.0,1.0,-1.0,1.0,-1.0,1.0,0.0,0.0,1
1,0,0.64947,-0.07896,0.58264,-0.1438,-0.13129,-0.21384,0.29796,0.04403,0.38096,-0.26339,0.28931,-0.31997,0.03459,-0.18947,0.20269,-0.29441,0.15196,-0.29052,0.09513,-0.31525,0.06556,-0.26795,0.03004,-0.25124,-0.00046,-0.2321,-0.02612,-0.21129,-0.04717,-0.1895,0.01336,-0.27201,0
1,0,1.0,-1.0,1.0,1.0,1.0,1.0,1.0,-0.5,1.0,1.0,1.0,1.0,1.0,1.0,0.0,0.0,1.0,1.0,1.0,1.0,1.0,-1.0,1.0,1.0,1.0,0.625,1.0,-0.75,-0.75,1.0,1.0,1.0,1
1,0,0.79847,0.38265,0.80804,-0.16964,1.0,-0.07653,0.98151,-0.07398,0.70217,0.20663,0.99745,0.02105,0.98214,0.02487,1.0,-0.13074,0.95663,0.07717,1.0,0.00191,0.90306,0.30804,1.0,-0.14541,1.0,-0.00394,0.75638,0.07908,1.0,-0.1875,1.0,-0.0574,0
0,0,0.0,0.0,0.0,0.0,0.0,0.0,0.0,0.0,0.0,0.0,1.0,1.0,1.0,1.0,1.0,-1.0,0.0,0.0,1.0,1.0,1.0,-1.0,1.0,1.0,1.0,0.0,1.0,1.0,1.0,-1.0,0.0,0.0,1
1,0,0.0,0.0,0.0,0.0,0.0,0.0,-0.85,-1.0,0.0,0.0,1.0,-1.0,0.0,0.0,-1.0,-1.0,-1.0,-1.0,1.0,-1.0,-0.6,-1.0,1.0,1.0,-1.0,-0.2,1.0,-1.0,0.0,1.0,0.0,0.0,1
0,0,0.0,0.0,-1.0,1.0,1.0,1.0,-1.0,-1.0,0.0,0.0,-1.0,-1.0,-1.0,-0.3125,-1.0,-1.0,1.0,-1.0,1.0,-1.0,0.0,0.0,1.0,-1.0,-1.0,-1.0,0.0,0.0,1.0,-1.0,0.0,0.0,1
1,0,0.91176,-0.08824,0.97059,0.17647,0.82353,0.08824,0.91176,-0.02941,0.97059,-0.17647,0.97059,0.14706,0.94118,0.02941,1.0,0.0,1.0,0.0,0.76471,0.11765,0.88235,0.02941,0.85294,0.02941,0.92663,0.026,0.94118,-0.11765,0.97059,0.05882,0.91176,0.05882,0
1,0,-1.0,1.0,-1.0,0.15244,0.28354,1.0,-1.0,1.0,-1.0,-1.0,1.0,1.0,-1.0,-0.23476,0.28301,-1.0,1.0,1.0,-0.31402,-1.0,-1.0,-1.0,1.0,-1.0,-1.0,-0.03578,1.0,-1.0,-1.0,-0.32317,0.14939,1.0,1
1,0,0.47368,-0.10526,0.83781,0.01756,0.83155,0.02615,0.68421,-0.05263,0.68421,0.0,0.79856,0.05028,0.78315,0.05756,0.84211,0.47368,1.0,0.05263,0.7255,0.07631,0.70301,0.08141,0.42105,0.21053,0.65419,0.08968,0.52632,-0.21053,0.6015,0.09534,0.57418,0.09719,0
1,0,-0.00641,-0.5,0.0,0.0,-0.01923,1.0,0.0,0.0,0.0,0.0,0.0,0.0,0.0,0.0,0.0,0.0,0.3141,0.92949,-0.35256,0.74359,-0.34615,-0.80769,0.0,0.0,-0.61538,-0.51282,0.0,0.0,0.0,0.0,0.0,0.0,1
1,0,1.0,0.45455,1.0,0.54545,0.81818,0.63636,1.0,-0.09091,1.0,0.0,0.81818,-0.45455,0.63636,0.27273,1.0,-0.63636,1.0,-0.27273,0.90909,-0.45455,1.0,0.0775,1.0,-0.09091,1.0,0.08867,1.0,0.36364,1.0,0.63636,0.72727,0.27273,0
0,0,-1.0,-1.0,1.0,-1.0,-1.0,1.0,0.0,0.0,1.0,-1.0,1.0,-1.0,0.0,0.0,0.0,0.0,0.0,0.0,-1.0,1.0,1.0,-1.0,-1.0,1.0,1.0,1.0,0.0,0.0,1.0,0.5,0.0,0.0,1
1,0,-1.0,-0.59677,0.0,0.0,-1.0,0.64516,-0.87097,1.0,0.0,0.0,0.0,0.0,0.0,0.0,0.0,0.0,0.0,0.0,-1.0,-1.0,0.0,0.0,0.29839,0.23387,1.0,0.51613,0.0,0.0,0.0,0.0,0.0,0.0,1
0,0,1.0,1.0,1.0,-1.0,1.0,1.0,1.0,1.0,1.0,1.0,1.0,-1.0,1.0,1.0,1.0,-1.0,1.0,-1.0,1.0,1.0,1.0,1.0,1.0,-1.0,1.0,1.0,1.0,1.0,1.0,1.0,1.0,1.0,1
1,0,0.87032,0.46972,0.53945,0.82161,0.1038,0.95275,-0.38033,0.87916,-0.73939,0.58226,-0.92099,0.16731,-0.82417,-0.24942,-0.59383,-0.63342,-0.24012,-0.82881,0.18823,-0.78699,0.51557,-0.5743,0.69274,-0.24843,0.69097,0.10484,0.52798,0.39762,0.25974,0.56573,-0.06739,0.57552,0
1,0,0.92657,0.04174,0.89266,0.15766,0.86098,0.19791,0.83675,0.36526,0.80619,0.40198,0.76221,0.40552,0.66586,0.4836,0.60101,0.51752,0.53392,0.5218,0.48435,0.54212,0.42546,0.55684,0.3334,0.55274,0.26978,0.54214,0.22307,0.53448,0.14312,0.49124,0.11573,0.46571,0
0,0,1.0,-1.0,-1.0,1.0,-1.0,1.0,1.0,1.0,1.0,1.0,-1.0,-1.0,-1.0,-1.0,1.0,1.0,1.0,-1.0,-1.0,-1.0,-1.0,-1.0,1.0,0.0,1.0,-1.0,1.0,-1.0,-1.0,1.0,-1.0,1.0,1
0,0,1.0,-1.0,1.0,1.0,1.0,-1.0,1.0,1.0,1.0,-1.0,1.0,1.0,1.0,-1.0,1.0,-1.0,1.0,1.0,1.0,1.0,1.0,-1.0,1.0,-1.0,1.0,-1.0,1.0,1.0,1.0,-1.0,1.0,1.0,1
0,0,0.0,0.0,1.0,1.0,1.0,1.0,0.0,0.0,0.0,0.0,-1.0,-1.0,0.0,0.0,-1.0,-1.0,0.0,0.0,0.0,0.0,1.0,1.0,0.0,0.0,1.0,1.0,0.0,0.0,-1.0,1.0,0.0,0.0,1
0,0,1.0,-1.0,1.0,1.0,1.0,1.0,1.0,1.0,1.0,1.0,1.0,-1.0,1.0,1.0,1.0,1.0,1.0,-1.0,1.0,-1.0,1.0,-1.0,1.0,-1.0,1.0,1.0,1.0,-1.0,1.0,1.0,1.0,1.0,1
1,0,0.73523,-0.38293,0.80151,0.10278,0.78826,0.15266,0.5558,0.05252,1.0,0.21225,0.71947,0.28954,0.68798,0.32925,0.49672,0.17287,0.64333,-0.02845,0.57399,0.42528,0.5312,0.44872,0.9453,0.57549,0.44174,0.482,0.12473,1.0,0.3507,0.49721,0.30588,0.49831,0
0,0,0.0,0.0,0.0,0.0,0.0,0.0,0.0,0.0,0.0,0.0,0.0,0.0,0.0,0.0,0.0,0.0,0.0,0.0,0.0,0.0,0.0,0.0,0.0,0.0,1.0,1.0,0.0,0.0,0.0,0.0,0.0,0.0,1
1,0,0.94649,0.00892,0.97287,-0.0026,0.98922,0.00372,0.95801,0.01598,0.94054,0.0353,0.97213,0.04719,0.98625,0.01858,0.94277,0.07135,0.98551,-0.00706,0.9777,0.0498,0.96358,0.07098,0.93274,0.08101,0.95243,0.04356,0.97473,0.00818,0.97845,0.07061,1.0,-0.0026,0
0,0,1.0,1.0,-1.0,-1.0,-1.0,-1.0,0.0,0.0,0.0,0.0,-1.0,-1.0,0.0,0.0,0.0,0.0,0.0,0.0,-1.0,1.0,1.0,1.0,0.0,0.0,1.0,-1.0,0.0,0.0,-1.0,-1.0,-1.0,-1.0,1
1,0,0.50466,-0.169,0.71442,0.01513,0.71063,0.02258,0.68065,0.01282,0.34615,0.05594,0.6905,0.04393,0.68101,0.05058,0.67023,0.05692,0.63403,-0.04662,0.64503,0.06856,0.63077,0.07381,0.84033,0.18065,0.59935,0.08304,0.38228,0.0676,0.56466,0.09046,0.54632,0.09346,0
1,0,0.68729,1.0,0.91973,-0.76087,0.81773,0.04348,0.76087,0.10702,0.86789,0.73746,0.70067,0.18227,0.7592,0.13712,0.93478,-0.25084,0.70736,0.18729,0.64883,0.24582,0.60201,0.77425,1.0,-0.53846,0.89262,0.22216,0.7107,0.53846,1.0,-0.06522,0.56522,0.23913,1
1,0,0.76296,-0.07778,1.0,-0.2963,1.0,-0.85741,0.8,0.06111,0.45556,-0.42778,1.0,-0.12581,1.0,-0.83519,0.49259,0.01852,0.82222,-0.05926,0.98215,-0.19938,1.0,0.22037,0.6963,-0.26481,0.92148,-0.24549,0.78889,0.02037,0.87492,-0.27105,1.0,-0.57037,0
1,0,0.38521,0.15564,0.41245,0.07393,0.26459,0.24125,0.23346,0.1323,0.19455,0.25292,0.24514,0.36965,0.08949,0.22957,-0.03891,0.36965,0.05058,0.24903,0.24903,0.09728,0.07782,0.29961,-0.02494,0.28482,-0.06024,0.26256,-0.14786,0.14786,-0.09339,0.31128,-0.19066,0.28794,1
1,0,0.5754,-0.03175,0.75198,-0.05357,0.61508,-0.0119,0.53968,0.03373,0.61706,0.09921,0.59127,-0.02381,0.62698,0.0119,0.70833,0.02579,0.60317,0.01587,0.47817,-0.02778,0.59127,0.0377,0.5,0.03968,0.61291,-0.01237,0.61706,-0.13492,0.68849,-0.01389,0.625,-0.03175,0
1,0,0.06404,-0.15271,-0.04433,0.05911,0.08374,-0.02463,-0.01478,0.18719,0.06404,0.0,0.12315,-0.09852,0.05911,0.0,0.0197,-0.02956,-0.12808,-0.2069,0.06897,0.01478,0.06897,0.02956,0.07882,0.16256,0.28079,-0.04926,-0.05911,-0.0936,0.04433,0.05419,0.07389,-0.10837,1
1,0,0.88103,-0.00857,0.89818,-0.02465,0.94105,-0.01822,0.89175,-0.12755,0.82208,-0.10932,0.88853,0.01179,0.90782,-0.13719,0.87138,-0.06109,0.90782,-0.02358,0.87996,-0.14577,0.82851,-0.12433,0.90139,-0.19507,0.88245,-0.14903,0.84352,-0.12862,0.88424,-0.18542,0.91747,-0.16827,0
1,0,0.42708,-0.5,0.0,0.0,0.0,0.0,0.46458,0.51042,0.58958,0.02083,0.0,0.0,0.0,0.0,0.16458,-0.45417,0.59167,-0.18333,0.0,0.0,0.0,0.0,0.9875,-0.40833,-1.0,-1.0,-0.27917,-0.75625,0.0,0.0,0.0,0.0,1
1,0,0.0,0.0,1.0,0.12889,0.88444,-0.02,0.0,0.0,1.0,-0.42444,1.0,0.19556,1.0,-0.05333,1.0,-0.81556,0.0,0.0,1.0,-0.04,1.0,-0.18667,0.0,0.0,1.0,-1.0,0.0,0.0,1.0,0.11778,0.90667,-0.09556,1
1,0,0.81143,0.03714,0.85143,-0.00143,0.79,0.00714,0.79571,-0.04286,0.87571,0.0,0.85571,-0.06714,0.86429,0.00286,0.82857,-0.05429,0.81,-0.11857,0.76857,-0.08429,0.84286,-0.05,0.77,-0.06857,0.81598,-0.08669,0.82571,-0.10429,0.81429,-0.05,0.82143,-0.15143,0
1,0,0.4987,0.01818,0.43117,-0.0961,0.50649,-0.04156,0.5013,0.0961,0.44675,0.05974,0.55844,-0.11948,0.51688,-0.03636,0.52727,-0.05974,0.55325,-0.01039,0.48571,-0.03377,0.49091,-0.01039,0.59221,0.0,0.53215,-0.0328,0.43117,0.03377,0.54545,-0.05455,0.58961,-0.08571,0
0,0,0.0,0.0,0.0,0.0,0.0,0.0,0.0,0.0,0.0,0.0,0.0,0.0,0.0,0.0,0.0,0.0,0.0,0.0,0.0,0.0,0.0,0.0,0.0,0.0,1.0,-1.0,0.0,0.0,0.0,0.0,0.0,0.0,1
1,0,1.0,0.5,1.0,0.25,0.25,1.0,0.16851,0.9118,-0.13336,0.80454,-0.34107,0.60793,-0.4382,0.37856,-0.43663,0.16709,-0.36676,0.00678,-0.26477,-0.09025,-0.16178,-0.12964,-0.07782,-0.12744,-0.02089,-0.10242,0.01033,-0.07036,0.02224,-0.04142,0.02249,-0.02017,0
1,0,0.0,0.0,0.0,0.0,0.0,0.0,-1.0,1.0,0.0,0.0,1.0,0.37333,-0.12,-0.12,0.0,0.0,-1.0,-1.0,0.0,0.0,1.0,-1.0,0.0,0.0,1.0,0.22667,0.0,0.0,0.0,0.0,0.0,0.0,1
1,0,0.88179,0.43491,0.59573,0.77655,0.19672,0.94537,-0.24103,0.92544,-0.62526,0.71257,-0.86443,0.33652,-0.92384,-0.05338,-0.77356,-0.44707,-0.4695,-0.73285,-0.10237,-0.82217,0.26384,-0.7757,0.55984,-0.5591,0.72147,-0.24433,0.72478,0.09599,0.58137,0.38915,0.34749,0.57656,0
1,0,0.62335,-0.0349,0.59085,0.00481,0.60409,-0.07461,0.63177,0.00963,0.62455,-0.07461,0.67028,0.0722,0.62936,-0.08424,0.67509,0.09146,0.67148,0.0,0.58965,0.10108,0.5006,0.03129,0.65945,0.14079,0.60463,0.02019,0.51384,0.04452,0.61733,-0.00963,0.61372,-0.09146,0
1,0,0.68317,0.05375,0.84803,0.00202,0.84341,0.00301,0.843,0.09901,0.75813,0.04102,0.81892,0.00585,0.80738,0.00673,0.80622,-0.12447,0.77935,-0.03536,0.76365,0.00909,0.74635,0.00978,0.79632,-0.04243,0.70824,0.01096,0.62235,0.11598,0.66624,0.0119,0.64407,0.01227,0
1,0,0.7983,0.09417,0.78129,0.20656,0.71628,0.28068,0.6932,0.41252,0.65917,0.50122,0.57898,0.60814,0.4921,0.58445,0.33354,0.67861,0.29587,0.63548,0.09599,0.68104,0.02066,0.72236,-0.08748,0.63183,-0.11925,0.60696,-0.18226,0.56015,-0.25516,0.51701,-0.27339,0.42467,0
1,0,1.0,0.08013,0.96775,-0.00482,0.96683,-0.00722,0.8798,-0.03923,1.0,0.01419,0.96186,-0.01436,0.95947,-0.01671,0.98497,0.01002,0.91152,-0.08848,0.95016,-0.02364,0.94636,-0.02591,0.98164,0.02003,0.93772,-0.03034,1.0,-0.05843,0.92774,-0.03464,0.92226,-0.03673,0
1,0,0.6351,-0.04388,0.7653,0.02968,0.61432,0.36028,0.65358,-0.00462,0.64203,0.08314,0.79446,-0.43418,0.72517,0.54965,0.59584,0.13857,0.6351,0.2194,0.63279,-0.25404,0.70951,0.15359,0.64665,0.23095,0.68775,0.17704,0.61663,0.07621,0.66316,0.19841,0.69053,0.36721,0
1,0,0.71521,-0.00647,0.66667,-0.04207,0.63107,-0.05178,0.77994,0.08091,0.67314,0.09709,0.64725,0.15858,0.60194,-0.01942,0.54369,-0.04531,0.46926,-0.10032,0.64725,0.14887,0.39159,0.21683,0.52427,-0.05502,0.45105,0.0004,0.31392,-0.06796,0.49191,-0.1068,0.30421,-0.05178,0
1,0,0.68148,0.1037,0.77037,0.03457,0.65185,0.08148,0.60988,-0.00494,0.79012,0.11852,0.59753,0.04938,0.62469,0.0963,0.78272,-0.17531,0.73827,-0.10864,0.48642,0.00988,0.60988,0.08148,0.66667,-0.1284,0.63773,-0.02451,0.76543,0.02222,0.61235,-0.0716,0.51358,-0.04691,0
1,0,0.60678,-0.02712,0.67119,0.04068,0.52881,-0.04407,0.50508,0.03729,0.70508,-0.07797,0.57966,-0.02034,0.5322,0.07797,0.64068,0.11864,0.56949,-0.02373,0.5322,0.00678,0.71525,-0.0339,0.52881,-0.0339,0.57262,0.0075,0.58644,-0.00339,0.58983,-0.02712,0.50169,0.0678,0
1,0,0.98822,0.02187,0.93102,0.341,0.83904,0.35222,0.74706,0.48906,0.73584,0.51879,0.55076,0.60179,0.4313,0.66237,0.318,0.70443,0.28379,0.68873,0.07515,0.73696,0.06338,0.71284,-0.16489,0.69714,-0.16556,0.6051,-0.16209,0.55805,-0.34717,0.44195,-0.33483,0.37465,0
1,0,0.99701,0.21677,0.91966,0.4703,0.76902,0.62415,0.53312,0.7812,0.36774,0.88291,0.10107,0.83312,-0.06827,0.89274,-0.28269,0.72073,-0.43707,0.61688,-0.55769,0.4812,-0.65,0.35534,-0.64658,0.15908,-0.66651,0.02277,-0.64872,-0.13462,-0.54615,-0.22949,-0.47201,-0.35032,0
1,0,0.94331,0.19959,0.96132,0.40803,0.80514,0.56569,0.56687,0.7083,0.41836,0.8323,0.14939,0.89489,0.05167,0.93682,-0.24742,0.83939,-0.42811,0.75554,-0.50251,0.62563,-0.65515,0.50428,-0.68851,0.30912,-0.77097,0.15619,-0.75406,-0.04399,-0.75199,-0.17921,-0.66932,-0.34367,0
1,0,0.89835,0.35157,0.67333,0.62233,0.43898,0.94353,-0.03643,0.8051,-0.22838,0.75334,-0.25137,0.48816,-0.57377,0.28415,-0.6675,0.10591,-0.47359,-0.06193,-0.81056,-0.06011,-0.33197,-0.47592,-0.12897,-0.5362,0.07158,-0.51925,0.24321,-0.43478,0.36586,-0.30057,0.42805,0.13297,0
1,0,0.29073,0.10025,0.23308,0.17293,0.03759,0.34336,0.1203,0.26316,0.06266,0.21303,-0.04725,0.12767,-0.06333,0.07907,-0.06328,0.04097,-0.05431,0.01408,-0.04166,-0.0028,-0.02876,-0.01176,-0.01755,-0.01505,-0.00886,-0.01475,-0.0028,-0.0125,0.00096,-0.00948,0.0029,-0.00647,0
1,0,0.58459,-0.35526,1.0,0.35338,0.75376,-0.00564,0.82519,0.19361,0.50188,-0.27632,0.65977,0.06391,0.69737,0.14662,0.72368,-0.42669,0.76128,0.04511,0.66917,0.20489,0.84774,-0.40977,0.6485,-0.04699,0.56836,-0.10571,0.5282,-0.13346,0.15602,-0.12218,0.44767,-0.10309,0
1,0,0.9408,0.11933,0.85738,0.01038,0.85124,0.01546,0.76966,-0.00278,0.84459,0.10916,0.83289,0.03027,0.8268,0.03506,0.74838,0.01943,0.80019,0.02405,0.80862,0.04901,0.80259,0.05352,0.77336,0.0222,0.79058,0.06235,0.85939,0.09251,0.77863,0.0709,0.77269,0.07508,0
1,0,0.47337,0.19527,0.06213,-0.18343,0.62316,0.01006,0.45562,-0.04438,0.56509,0.01775,0.44675,0.27515,0.71598,-0.03846,0.55621,0.12426,0.4142,0.11538,0.52767,0.02842,0.51183,-0.10651,0.47929,-0.02367,0.46514,0.03259,0.5355,0.25148,0.31953,-0.14497,0.34615,-0.00296,0
1,0,0.59887,0.14689,0.69868,-0.13936,0.85122,-0.13936,0.80979,0.02448,0.50471,0.02825,0.6742,-0.0452,0.80791,-0.13748,0.51412,-0.24482,0.81544,-0.14313,0.70245,-0.00377,0.33333,0.06215,0.56121,-0.33145,0.61444,-0.16837,0.52731,-0.02072,0.53861,-0.31262,0.6742,-0.22034,0
1,0,0.87772,-0.08152,0.83424,0.07337,0.84783,0.04076,0.77174,-0.02174,0.77174,-0.05707,0.82337,-0.10598,0.67935,-0.00543,0.88043,-0.20924,0.83424,0.03261,0.86413,-0.05978,0.97283,-0.27989,0.85054,-0.1875,0.83705,-0.10211,0.8587,-0.03261,0.78533,-0.1087,0.79076,-0.00543,0
1,0,0.88241,0.30634,0.73232,0.57816,0.34109,0.58527,0.05717,1.0,-0.09238,0.92118,-0.62403,0.71996,-0.69767,0.32558,-0.81422,0.41195,-1.0,-0.00775,-0.78973,-0.41085,-0.76901,-0.45478,-0.57242,-0.67605,-0.3161,-0.81876,-0.02979,-0.86841,0.25392,-0.82127,0.00194,-0.81686,0
1,0,0.83479,0.28993,0.69256,0.47702,0.49234,0.68381,0.21991,0.86761,-0.08096,0.85011,-0.35558,0.77681,-0.52735,0.58425,-0.7035,0.31291,-0.75821,0.03939,-0.71225,-0.15317,-0.58315,-0.39168,-0.37199,-0.52954,-0.1695,-0.60863,0.08425,-0.61488,0.25164,-0.48468,0.40591,-0.35339,0
1,0,0.9287,0.33164,0.76168,0.62349,0.49305,0.84266,0.21592,0.95193,-0.13956,0.96167,-0.47202,0.8359,-0.70747,0.6549,-0.87474,0.3675,-0.91814,0.05595,-0.89824,-0.26173,-0.73969,-0.54069,-0.50757,-0.74735,-0.22323,-0.86122,0.0781,-0.87159,0.36021,-0.78057,0.59407,-0.6027,0
1,0,0.98455,-0.02736,0.98058,-0.04104,1.0,-0.07635,0.9872,0.01456,0.95278,-0.02604,0.985,-0.07458,0.99382,-0.07149,0.97396,-0.09532,0.97264,-0.12224,0.99294,-0.05252,0.95278,-0.08914,0.97352,-0.08341,0.96653,-0.12912,0.93469,-0.14916,0.97132,-0.15755,0.96778,-0.188,0
1,0,0.97032,-0.14384,0.91324,-0.00228,0.96575,-0.17123,0.9863,0.18265,0.91781,0.00228,0.93607,-0.08447,0.91324,-0.00228,0.86758,-0.08676,0.97032,-0.21233,1.0,0.10274,0.92009,-0.05251,0.92466,0.06849,0.94043,-0.09252,0.97032,-0.20091,0.85388,-0.08676,0.96575,-0.21918,0
1,0,0.52542,-0.0339,0.94915,0.08475,0.52542,-0.16949,0.30508,-0.01695,0.50847,-0.13559,0.64407,0.28814,0.83051,-0.35593,0.54237,0.01695,0.55932,0.0339,0.59322,0.30508,0.86441,0.05085,0.40678,0.15254,0.67287,-0.00266,0.66102,-0.0339,0.83051,-0.15254,0.76271,-0.10169,0
1,0,0.33333,-0.25,0.44444,0.22222,0.38889,0.16667,0.41667,0.13889,0.5,-0.11111,0.54911,-0.08443,0.58333,0.33333,0.55556,0.02778,0.25,-0.19444,0.47222,-0.05556,0.52778,-0.02778,0.38889,0.08333,0.41543,-0.14256,0.19444,-0.13889,0.36924,-0.14809,0.08333,-0.5,0
1,0,0.75564,0.49638,0.8355,0.54301,0.54916,0.72063,0.35225,0.70792,0.13469,0.94749,-0.09818,0.93778,-0.37604,0.82223,-0.52742,0.71161,-0.68358,0.67989,-0.70163,0.24956,-0.79147,0.02995,-0.98988,-0.29099,-0.70352,-0.32792,-0.63312,-0.19185,-0.34131,-0.60454,-0.19609,-0.62956,0
1,0,0.83789,0.42904,0.72113,0.58385,0.45625,0.78115,0.1647,0.82732,-0.13012,0.86947,-0.46177,0.78497,-0.59435,0.5207,-0.7847,0.26529,-0.84014,0.03928,-0.62041,-0.31351,-0.47412,-0.48905,-0.37298,-0.67796,-0.05054,-0.62691,0.1469,-0.45911,0.37093,-0.39167,0.48319,-0.24313,0
1,0,0.93658,0.35107,0.75254,0.6564,0.45571,0.88576,0.15323,0.95776,-0.21775,0.96301,-0.56535,0.83397,-0.78751,0.58045,-0.93104,0.2602,-0.93641,-0.06418,-0.87028,-0.40949,-0.65079,-0.67464,-0.36799,-0.84951,-0.04578,-0.91221,0.2733,-0.85762,0.54827,-0.69613,0.74828,-0.44173,0
1,0,0.79378,0.29492,0.64064,0.52312,0.41319,0.68158,0.14177,0.83548,-0.16831,0.78772,-0.42911,0.72328,-0.57165,0.41471,-0.75436,0.16755,-0.69977,-0.09856,-0.57695,-0.23503,-0.40637,-0.38287,-0.17437,-0.5254,0.01523,-0.48707,0.1903,-0.38059,0.31008,-0.23199,0.34572,-0.08036,0
1,0,0.88085,0.35232,0.68389,0.65128,0.34816,0.79784,0.05832,0.90842,-0.29784,0.8649,-0.62635,0.6959,-0.77106,0.39309,-0.85803,0.08408,-0.81641,-0.24017,-0.64579,-0.50022,-0.39766,-0.68337,-0.11147,-0.75533,0.17041,-0.71504,0.40675,-0.57649,0.56626,-0.36765,0.62765,-0.13305,0
1,0,1.0,-0.01179,1.0,-0.00343,1.0,-0.01565,1.0,-0.01565,1.0,-0.02809,1.0,-0.02187,0.99828,-0.03087,0.99528,-0.03238,0.99314,-0.03452,1.0,-0.03881,1.0,-0.05039,1.0,-0.04931,0.99842,-0.05527,0.994,-0.06304,0.99057,-0.06497,0.98971,-0.06668,0
1,0,0.89563,0.37917,0.67311,0.69438,0.35916,0.88696,-0.04193,0.93345,-0.38875,0.84414,-0.67274,0.62078,-0.8268,0.30356,-0.8615,-0.05365,-0.73564,-0.34275,-0.51778,-0.62443,-0.23428,-0.73855,0.06911,-0.73856,0.33531,-0.62296,0.52414,-0.42086,0.61217,-0.17343,0.60073,0.0866,0
1,0,1.0,1.0,0.367,0.06158,0.12993,0.92713,-0.27586,0.93596,-0.31527,0.37685,-0.87192,0.36946,-0.92857,-0.08867,-0.38916,-0.34236,-0.46552,-0.82512,-0.05419,-0.93596,0.25616,-0.20443,0.73792,-0.4595,0.85471,-0.06831,1.0,1.0,0.3867,0.00246,0.17758,0.7979,0
1,0,0.8811,0.0,0.94817,-0.02744,0.93598,-0.0122,0.90244,0.01829,0.90244,0.01829,0.93902,0.00915,0.95732,0.00305,1.0,0.02744,0.94207,-0.0122,0.90854,0.02439,0.91463,0.05488,0.99695,0.04878,0.89666,0.02226,0.90854,0.00915,1.0,0.05488,0.97561,-0.0122,0
1,0,0.74468,0.10638,0.88706,0.00982,0.88542,0.01471,0.87234,-0.01418,0.7305,0.10638,0.87657,0.02912,0.87235,0.03382,0.95745,0.07801,0.95035,0.04255,0.85597,0.04743,0.84931,0.05178,0.87234,0.11348,0.83429,0.06014,0.74468,-0.03546,0.8171,0.068,0.80774,0.07173,0
1,0,0.97513,0.0071,0.98579,0.01954,1.0,0.01954,0.9929,0.01599,0.95737,0.02309,0.97158,0.03552,1.0,0.0373,0.97869,0.02131,0.98579,0.05684,0.97158,0.04796,0.94494,0.05506,0.98401,0.03552,0.9754,0.06477,0.94849,0.08171,0.99112,0.06217,0.98934,0.09947,0
1,0,0.8842,0.36724,0.67123,0.67382,0.39613,0.86399,0.02424,0.93182,-0.35148,0.83713,-0.60316,0.58842,-0.78658,0.38778,-0.83285,-0.00642,-0.69318,-0.32963,-0.52504,-0.53924,-0.27377,-0.68126,0.00806,-0.69774,0.26028,-0.60678,0.44569,-0.43383,0.54209,-0.21542,0.56286,0.02823,0
1,0,0.90147,0.41786,0.64131,0.75725,0.3044,0.95148,-0.20449,0.96534,-0.55483,0.81191,-0.81857,0.50949,-0.96986,0.10345,-0.91456,-0.31412,-0.70163,-0.65461,-0.32354,-0.88999,0.05865,-0.94172,0.44483,-0.82154,0.74105,-0.55231,0.89415,-0.18725,0.87893,0.20359,0.70555,0.54852,0
1,0,0.32789,0.11042,0.1597,0.29308,0.1402,0.74485,-0.25131,0.91993,-0.16503,0.26664,-0.63714,0.24865,-0.9765,-0.00337,-0.23227,-0.19909,-0.30522,-0.48886,-0.14426,-0.89991,0.09345,-0.28916,0.28307,-0.1856,0.39599,-0.11498,0.31005,0.05614,0.21443,0.2054,0.13376,0.26422,0
1,0,0.65845,0.43617,0.44681,0.74804,0.05319,0.85106,-0.32027,0.82139,-0.68253,0.52408,-0.84211,0.07111,-0.82811,-0.28723,-0.47032,-0.71725,-0.04759,-0.86002,0.23292,-0.76316,0.56663,-0.52128,0.743,-0.18645,0.74758,0.23713,0.45185,0.59071,0.20549,0.76764,-0.18533,0.74356,0
1,0,0.82254,-0.07572,0.80462,0.00231,0.87514,-0.01214,0.86821,-0.07514,0.72832,-0.11734,0.84624,0.05029,0.83121,-0.07399,0.74798,0.06705,0.78324,0.06358,0.86763,-0.0237,0.78844,-0.06012,0.74451,-0.0237,0.76717,-0.02731,0.74046,-0.0763,0.70058,-0.0422,0.78439,0.01214,0
1,0,0.35346,-0.13768,0.69387,-0.02423,0.68195,-0.03574,0.55717,-0.06119,0.61836,-0.10467,0.62099,-0.06527,0.59361,-0.07289,0.42271,-0.26409,0.58213,0.04992,0.49736,-0.08771,0.46241,-0.08989,0.45008,-0.00564,0.39146,-0.09038,0.35588,-0.10306,0.32232,-0.08637,0.28943,-0.083,0
1,0,0.76046,0.01092,0.86335,0.00258,0.85821,0.00384,0.79988,0.02304,0.81504,0.12068,0.83096,0.00744,0.81815,0.00854,0.82777,-0.06974,0.76531,0.03881,0.76979,0.01148,0.75071,0.01232,0.77138,-0.00303,0.70886,0.01375,0.66161,0.00849,0.66298,0.01484,0.63887,0.01525,0
1,0,0.94701,-0.00034,0.93207,-0.03227,0.95177,-0.03431,0.95584,0.02446,0.94124,0.01766,0.92595,0.04688,0.93954,-0.01461,0.94837,0.02004,0.93784,0.01393,0.91406,0.07677,0.8947,0.06148,0.93988,0.03193,0.92489,0.02542,0.9212,0.02242,0.92459,0.00442,0.92697,-0.00577,0
